Date,return,equity,drawdown,active_pairs,capital_deployed
2018-01-02,0.0,100000.0,0.0,0.0,0.0
2018-01-03,0.0,100000.0,0.0,0.0,0.0
2018-01-04,0.0,100000.0,0.0,0.0,0.0
2018-01-05,0.0,100000.0,0.0,0.0,0.0
2018-01-08,0.0,100000.0,0.0,0.0,0.0
2018-01-09,0.0,100000.0,0.0,0.0,0.0
2018-01-10,0.0,100000.0,0.0,0.0,0.0
2018-01-11,0.0,100000.0,0.0,0.0,0.0
2018-01-12,0.0,100000.0,0.0,0.0,0.0
2018-01-16,0.0,100000.0,0.0,0.0,0.0
2018-01-17,0.0,100000.0,0.0,0.0,0.0
2018-01-18,0.0,100000.0,0.0,0.0,0.0
2018-01-19,0.0,100000.0,0.0,0.0,0.0
2018-01-22,0.0,100000.0,0.0,0.0,0.0
2018-01-23,0.0,100000.0,0.0,0.0,0.0
2018-01-24,0.0,100000.0,0.0,0.0,0.0
2018-01-25,0.0,100000.0,0.0,0.0,0.0
2018-01-26,0.0,100000.0,0.0,0.0,0.0
2018-01-29,0.0,100000.0,0.0,0.0,0.0
2018-01-30,0.0,100000.0,0.0,0.0,0.0
2018-01-31,0.0,100000.0,0.0,0.0,0.0
2018-02-01,0.0,100000.0,0.0,0.0,0.0
2018-02-02,0.0,100000.0,0.0,0.0,0.0
2018-02-05,0.0,100000.0,0.0,0.0,0.0
2018-02-06,0.0,100000.0,0.0,0.0,0.0
2018-02-07,0.0,100000.0,0.0,0.0,0.0
2018-02-08,0.0,100000.0,0.0,0.0,0.0
2018-02-09,0.0,100000.0,0.0,0.0,0.0
2018-02-12,0.0,100000.0,0.0,0.0,0.0
2018-02-13,0.0,100000.0,0.0,0.0,0.0
2018-02-14,0.0,100000.0,0.0,0.0,0.0
2018-02-15,0.0,100000.0,0.0,0.0,0.0
2018-02-16,0.0,100000.0,0.0,0.0,0.0
2018-02-20,0.0,100000.0,0.0,0.0,0.0
2018-02-21,0.0,100000.0,0.0,0.0,0.0
2018-02-22,0.0,100000.0,0.0,0.0,0.0
2018-02-23,0.0,100000.0,0.0,0.0,0.0
2018-02-26,0.0,100000.0,0.0,0.0,0.0
2018-02-27,0.0,100000.0,0.0,0.0,0.0
2018-02-28,0.0,100000.0,0.0,0.0,0.0
2018-03-01,0.0,100000.0,0.0,0.0,0.0
2018-03-02,0.0,100000.0,0.0,0.0,0.0
2018-03-05,0.0,100000.0,0.0,0.0,0.0
2018-03-06,0.0,100000.0,0.0,0.0,0.0
2018-03-07,0.0,100000.0,0.0,0.0,0.0
2018-03-08,0.0,100000.0,0.0,0.0,0.0
2018-03-09,0.0,100000.0,0.0,0.0,0.0
2018-03-12,0.0,100000.0,0.0,0.0,0.0
2018-03-13,0.0,100000.0,0.0,0.0,0.0
2018-03-14,0.0,100000.0,0.0,0.0,0.0
2018-03-15,0.0,100000.0,0.0,0.0,0.0
2018-03-16,0.0,100000.0,0.0,0.0,0.0
2018-03-19,0.0,100000.0,0.0,0.0,0.0
2018-03-20,0.0,100000.0,0.0,0.0,0.0
2018-03-21,0.0,100000.0,0.0,0.0,0.0
2018-03-22,0.0,100000.0,0.0,0.0,0.0
2018-03-23,0.0,100000.0,0.0,0.0,0.0
2018-03-26,0.0,100000.0,0.0,0.0,0.0
2018-03-27,0.0,100000.0,0.0,0.0,0.0
2018-03-28,0.0,100000.0,0.0,0.0,0.0
2018-03-29,0.0,100000.0,0.0,0.0,0.0
2018-04-02,0.0,100000.0,0.0,0.0,0.0
2018-04-03,0.0,100000.0,0.0,0.0,0.0
2018-04-04,0.0,100000.0,0.0,0.0,0.0
2018-04-05,0.0,100000.0,0.0,0.0,0.0
2018-04-06,0.0,100000.0,0.0,0.0,0.0
2018-04-09,0.0,100000.0,0.0,0.0,0.0
2018-04-10,0.0,100000.0,0.0,0.0,0.0
2018-04-11,0.0,100000.0,0.0,0.0,0.0
2018-04-12,0.0,100000.0,0.0,0.0,0.0
2018-04-13,0.0,100000.0,0.0,0.0,0.0
2018-04-16,0.0,100000.0,0.0,0.0,0.0
2018-04-17,0.0,100000.0,0.0,0.0,0.0
2018-04-18,0.0,100000.0,0.0,0.0,0.0
2018-04-19,0.0,100000.0,0.0,0.0,0.0
2018-04-20,0.0,100000.0,0.0,0.0,0.0
2018-04-23,0.0,100000.0,0.0,0.0,0.0
2018-04-24,0.0,100000.0,0.0,0.0,0.0
2018-04-25,0.0,100000.0,0.0,0.0,0.0
2018-04-26,0.0,100000.0,0.0,0.0,0.0
2018-04-27,0.0,100000.0,0.0,0.0,0.0
2018-04-30,0.0,100000.0,0.0,0.0,0.0
2018-05-01,0.0,100000.0,0.0,0.0,0.0
2018-05-02,0.0,100000.0,0.0,0.0,0.0
2018-05-03,0.0,100000.0,0.0,0.0,0.0
2018-05-04,0.0,100000.0,0.0,0.0,0.0
2018-05-07,0.0,100000.0,0.0,0.0,0.0
2018-05-08,0.0,100000.0,0.0,0.0,0.0
2018-05-09,0.0,100000.0,0.0,0.0,0.0
2018-05-10,0.0,100000.0,0.0,0.0,0.0
2018-05-11,0.0,100000.0,0.0,0.0,0.0
2018-05-14,0.0,100000.0,0.0,0.0,0.0
2018-05-15,0.0,100000.0,0.0,0.0,0.0
2018-05-16,0.0,100000.0,0.0,0.0,0.0
2018-05-17,0.0,100000.0,0.0,0.0,0.0
2018-05-18,0.0,100000.0,0.0,0.0,0.0
2018-05-21,0.0,100000.0,0.0,0.0,0.0
2018-05-22,0.0,100000.0,0.0,0.0,0.0
2018-05-23,0.0,100000.0,0.0,0.0,0.0
2018-05-24,0.0,100000.0,0.0,0.0,0.0
2018-05-25,0.0,100000.0,0.0,0.0,0.0
2018-05-29,0.0,100000.0,0.0,0.0,0.0
2018-05-30,0.0,100000.0,0.0,0.0,0.0
2018-05-31,0.0,100000.0,0.0,0.0,0.0
2018-06-01,0.0,100000.0,0.0,0.0,0.0
2018-06-04,0.0,100000.0,0.0,0.0,0.0
2018-06-05,0.0,100000.0,0.0,0.0,0.0
2018-06-06,0.0,100000.0,0.0,0.0,0.0
2018-06-07,0.0,100000.0,0.0,0.0,0.0
2018-06-08,0.0,100000.0,0.0,0.0,0.0
2018-06-11,0.0,100000.0,0.0,0.0,0.0
2018-06-12,0.0,100000.0,0.0,0.0,0.0
2018-06-13,0.0,100000.0,0.0,0.0,0.0
2018-06-14,0.0,100000.0,0.0,0.0,0.0
2018-06-15,0.0,100000.0,0.0,0.0,0.0
2018-06-18,0.0,100000.0,0.0,0.0,0.0
2018-06-19,0.0,100000.0,0.0,0.0,0.0
2018-06-20,0.0,100000.0,0.0,0.0,0.0
2018-06-21,0.0,100000.0,0.0,0.0,0.0
2018-06-22,0.0,100000.0,0.0,0.0,0.0
2018-06-25,0.0,100000.0,0.0,0.0,0.0
2018-06-26,0.0,100000.0,0.0,0.0,0.0
2018-06-27,0.0,100000.0,0.0,0.0,0.0
2018-06-28,0.0,100000.0,0.0,0.0,0.0
2018-06-29,0.0,100000.0,0.0,0.0,0.0
2018-07-02,0.0,100000.0,0.0,0.0,0.0
2018-07-03,0.0,100000.0,0.0,0.0,0.0
2018-07-05,0.0,100000.0,0.0,0.0,0.0
2018-07-06,0.0,100000.0,0.0,0.0,0.0
2018-07-09,0.0,100000.0,0.0,0.0,0.0
2018-07-10,0.0,100000.0,0.0,0.0,0.0
2018-07-11,0.0,100000.0,0.0,0.0,0.0
2018-07-12,0.0,100000.0,0.0,0.0,0.0
2018-07-13,0.0,100000.0,0.0,0.0,0.0
2018-07-16,0.0,100000.0,0.0,0.0,0.0
2018-07-17,0.0,100000.0,0.0,0.0,0.0
2018-07-18,0.0,100000.0,0.0,0.0,0.0
2018-07-19,0.0,100000.0,0.0,0.0,0.0
2018-07-20,0.0,100000.0,0.0,0.0,0.0
2018-07-23,0.0,100000.0,0.0,0.0,0.0
2018-07-24,0.0,100000.0,0.0,0.0,0.0
2018-07-25,0.0,100000.0,0.0,0.0,0.0
2018-07-26,0.0,100000.0,0.0,0.0,0.0
2018-07-27,0.0,100000.0,0.0,0.0,0.0
2018-07-30,0.0,100000.0,0.0,0.0,0.0
2018-07-31,0.0,100000.0,0.0,0.0,0.0
2018-08-01,0.0,100000.0,0.0,0.0,0.0
2018-08-02,0.0,100000.0,0.0,0.0,0.0
2018-08-03,0.0,100000.0,0.0,0.0,0.0
2018-08-06,0.0,100000.0,0.0,0.0,0.0
2018-08-07,0.0,100000.0,0.0,0.0,0.0
2018-08-08,0.0,100000.0,0.0,0.0,0.0
2018-08-09,0.0,100000.0,0.0,0.0,0.0
2018-08-10,0.0,100000.0,0.0,0.0,0.0
2018-08-13,0.0,100000.0,0.0,0.0,0.0
2018-08-14,0.0,100000.0,0.0,0.0,0.0
2018-08-15,0.0,100000.0,0.0,0.0,0.0
2018-08-16,0.0,100000.0,0.0,0.0,0.0
2018-08-17,0.0,100000.0,0.0,0.0,0.0
2018-08-20,0.0,100000.0,0.0,0.0,0.0
2018-08-21,0.0,100000.0,0.0,0.0,0.0
2018-08-22,0.0,100000.0,0.0,0.0,0.0
2018-08-23,0.0,100000.0,0.0,0.0,0.0
2018-08-24,0.0,100000.0,0.0,0.0,0.0
2018-08-27,0.0,100000.0,0.0,0.0,0.0
2018-08-28,0.0,100000.0,0.0,0.0,0.0
2018-08-29,0.0,100000.0,0.0,0.0,0.0
2018-08-30,0.0,100000.0,0.0,0.0,0.0
2018-08-31,0.0,100000.0,0.0,0.0,0.0
2018-09-04,0.0,100000.0,0.0,0.0,0.0
2018-09-05,0.0,100000.0,0.0,0.0,0.0
2018-09-06,0.0,100000.0,0.0,0.0,0.0
2018-09-07,0.0,100000.0,0.0,0.0,0.0
2018-09-10,0.0,100000.0,0.0,0.0,0.0
2018-09-11,0.0,100000.0,0.0,0.0,0.0
2018-09-12,0.0,100000.0,0.0,0.0,0.0
2018-09-13,0.0,100000.0,0.0,0.0,0.0
2018-09-14,0.0,100000.0,0.0,0.0,0.0
2018-09-17,0.0,100000.0,0.0,0.0,0.0
2018-09-18,0.0,100000.0,0.0,0.0,0.0
2018-09-19,0.0,100000.0,0.0,0.0,0.0
2018-09-20,0.0,100000.0,0.0,0.0,0.0
2018-09-21,0.0,100000.0,0.0,0.0,0.0
2018-09-24,0.0,100000.0,0.0,0.0,0.0
2018-09-25,0.0,100000.0,0.0,0.0,0.0
2018-09-26,0.0,100000.0,0.0,0.0,0.0
2018-09-27,0.0,100000.0,0.0,0.0,0.0
2018-09-28,0.0,100000.0,0.0,0.0,0.0
2018-10-01,0.0,100000.0,0.0,0.0,0.0
2018-10-02,0.0,100000.0,0.0,0.0,0.0
2018-10-03,0.0,100000.0,0.0,0.0,0.0
2018-10-04,0.0,100000.0,0.0,0.0,0.0
2018-10-05,0.0,100000.0,0.0,0.0,0.0
2018-10-08,0.0,100000.0,0.0,0.0,0.0
2018-10-09,0.0,100000.0,0.0,0.0,0.0
2018-10-10,0.0,100000.0,0.0,0.0,0.0
2018-10-11,0.0,100000.0,0.0,0.0,0.0
2018-10-12,0.0,100000.0,0.0,0.0,0.0
2018-10-15,0.0,100000.0,0.0,0.0,0.0
2018-10-16,0.0,100000.0,0.0,0.0,0.0
2018-10-17,0.0,100000.0,0.0,0.0,0.0
2018-10-18,0.0,100000.0,0.0,0.0,0.0
2018-10-19,0.0,100000.0,0.0,0.0,0.0
2018-10-22,0.0,100000.0,0.0,0.0,0.0
2018-10-23,0.0,100000.0,0.0,0.0,0.0
2018-10-24,0.0,100000.0,0.0,0.0,0.0
2018-10-25,0.0,100000.0,0.0,0.0,0.0
2018-10-26,0.0,100000.0,0.0,0.0,0.0
2018-10-29,0.0,100000.0,0.0,0.0,0.0
2018-10-30,0.0,100000.0,0.0,0.0,0.0
2018-10-31,0.0,100000.0,0.0,0.0,0.0
2018-11-01,0.0,100000.0,0.0,0.0,0.0
2018-11-02,0.0,100000.0,0.0,0.0,0.0
2018-11-05,0.0,100000.0,0.0,0.0,0.0
2018-11-06,0.0,100000.0,0.0,0.0,0.0
2018-11-07,0.0,100000.0,0.0,0.0,0.0
2018-11-08,0.0,100000.0,0.0,0.0,0.0
2018-11-09,0.0,100000.0,0.0,0.0,0.0
2018-11-12,0.0,100000.0,0.0,0.0,0.0
2018-11-13,0.0,100000.0,0.0,0.0,0.0
2018-11-14,0.0,100000.0,0.0,0.0,0.0
2018-11-15,0.0,100000.0,0.0,0.0,0.0
2018-11-16,0.0,100000.0,0.0,0.0,0.0
2018-11-19,0.0,100000.0,0.0,0.0,0.0
2018-11-20,0.0,100000.0,0.0,0.0,0.0
2018-11-21,0.0,100000.0,0.0,0.0,0.0
2018-11-23,0.0,100000.0,0.0,0.0,0.0
2018-11-26,0.0,100000.0,0.0,0.0,0.0
2018-11-27,0.0,100000.0,0.0,0.0,0.0
2018-11-28,0.0,100000.0,0.0,0.0,0.0
2018-11-29,0.0,100000.0,0.0,0.0,0.0
2018-11-30,0.0,100000.0,0.0,0.0,0.0
2018-12-03,0.0,100000.0,0.0,0.0,0.0
2018-12-04,0.0,100000.0,0.0,0.0,0.0
2018-12-06,0.0,100000.0,0.0,0.0,0.0
2018-12-07,0.0,100000.0,0.0,0.0,0.0
2018-12-10,0.0,100000.0,0.0,0.0,0.0
2018-12-11,0.0,100000.0,0.0,0.0,0.0
2018-12-12,0.0,100000.0,0.0,0.0,0.0
2018-12-13,0.0,100000.0,0.0,0.0,0.0
2018-12-14,0.0,100000.0,0.0,0.0,0.0
2018-12-17,0.0,100000.0,0.0,0.0,0.0
2018-12-18,0.0,100000.0,0.0,0.0,0.0
2018-12-19,0.0,100000.0,0.0,0.0,0.0
2018-12-20,0.0,100000.0,0.0,0.0,0.0
2018-12-21,0.0,100000.0,0.0,0.0,0.0
2018-12-24,0.0,100000.0,0.0,0.0,0.0
2018-12-26,0.0,100000.0,0.0,0.0,0.0
2018-12-27,0.0,100000.0,0.0,0.0,0.0
2018-12-28,0.0,100000.0,0.0,0.0,0.0
2018-12-31,0.0,100000.0,0.0,0.0,0.0
2019-01-02,0.0,100000.0,0.0,0.0,0.0
2019-01-03,0.0,100000.0,0.0,0.0,0.0
2019-01-04,0.0,100000.0,0.0,0.0,0.0
2019-01-07,0.0,100000.0,0.0,0.0,0.0
2019-01-08,0.0,100000.0,0.0,0.0,0.0
2019-01-09,0.00018984715612396785,100018.98471561239,0.0,1.0,0.25
2019-01-10,-0.00321967042435084,99696.95654864993,-0.0032196704243507845,1.0,0.25
2019-01-11,0.0023051613598942255,99926.77412058493,-0.0009219309243104767,1.0,0.25
2019-01-14,-0.0006105710546594201,99865.76172472141,-0.0015319390746331152,1.0,0.25
2019-01-15,0.001171899642483043,99982.79437518289,-0.00036183471100414977,1.0,0.25
2019-01-16,-0.00048238420174065433,99934.56425473042,-0.0008440443693965571,1.0,0.25
2019-01-17,0.0,99934.56425473042,-0.0008440443693965571,0.0,0.0
2019-01-18,0.0006270431277945465,99997.2275364755,-0.00021753049382322587,1.0,0.25
2019-01-22,-0.0010051478286181303,99896.71554034937,-0.0012224596721379655,1.0,0.25
2019-01-23,-0.000330221003114195,99863.72754673583,-0.001552276993392887,2.0,0.25
2019-01-24,-0.002658492996920059,99598.2405264065,-0.0042066432727966285,3.0,0.5
2019-01-25,-0.000622663321923844,99536.22435510256,-0.004826687272246111,3.0,0.75
2019-01-28,-0.0006806759981350108,99468.47243623906,-0.005504077860204459,3.0,0.75
2019-01-29,0.0010148268957522188,99569.41571734674,-0.004494836650701051,1.0,0.25
2019-01-30,0.0018295436211837046,99751.5823067374,-0.002673516529239972,1.0,0.25
2019-01-31,-0.0010542990446718026,99646.41430880691,-0.003724996887988996,1.0,0.25
2019-02-01,-0.00583212609062958,99065.26385607883,-0.009535398327080613,3.0,0.75
2019-02-04,0.001575772746958387,99221.36819903347,-0.007974651200937544,3.0,0.75
2019-02-05,-0.002340466245683015,98989.14393591316,-0.010296453044663534,3.0,0.75
2019-02-06,0.001260420677649532,99113.9118997928,-0.009049010229338128,4.0,0.75
2019-02-07,-0.005031964202865891,98615.17424310703,-0.014035440136658694,4.0,1.0
2019-02-08,-0.003438087403536294,98276.12665474426,-0.017425272470258046,4.0,0.9999999999999999
2019-02-11,0.0013536772557480037,98409.1608121798,-0.016095183409528202,3.0,0.75
2019-02-12,0.0009184723522001057,98499.546905589,-0.015191494038293452,3.0,0.75
2019-02-13,-0.002390702954702034,98264.063747765,-0.017545878643311696,2.0,0.5
2019-02-14,0.0019082820185979399,98451.57929368922,-0.01567107910942933,1.0,0.25
2019-02-15,-0.0013267827217919581,98320.95543934923,-0.016977069714226967,2.0,0.25
2019-02-19,-0.0013908436761132792,98184.206360247,-0.01834430094028927,1.0,0.25
2019-02-20,0.0010446486613062134,98286.77435998265,-0.017318815628402873,1.0,0.25
2019-02-21,0.00293095732460108,98574.84870120445,-0.01443861901332133,4.0,0.25
2019-02-22,-0.002651264538220871,98313.50070048246,-0.017051602952971256,4.0,1.0
2019-02-25,-0.0021722570760190907,98099.93850291763,-0.01918681956381829,3.0,0.75
2019-02-26,-0.002146766337835282,97889.34085719586,-0.021292396283283832,5.0,0.75
2019-02-27,-0.007490676087340022,97156.08351243137,-0.02862357792694259,5.0,1.0
2019-02-28,-0.001989715871731773,96962.7705110314,-0.030556341011367283,4.0,1.0
2019-03-01,-0.0014097556374526032,96826.07669868044,-0.031923019674819364,4.0,1.0
2019-03-04,-0.00038912272224819744,96788.39947213084,-0.03229972042474927,3.0,0.25
2019-03-05,-0.0032401714803437787,96474.7884605331,-0.03543523527214987,2.0,0.5
2019-03-06,-0.0012711449113823048,96352.15502410482,-0.03666133686453221,3.0,0.5
2019-03-07,-0.0015223333411148177,96205.47492602337,-0.038127859430208244,3.0,0.75
2019-03-08,-7.01758591649948e-05,96198.72362416405,-0.03819535963407972,1.0,0.25
2019-03-11,0.0,96198.72362416405,-0.03819535963407972,0.0,0.0
2019-03-12,0.0,96198.72362416405,-0.03819535963407972,0.0,0.0
2019-03-13,0.0,96198.72362416405,-0.03819535963407972,0.0,0.0
2019-03-14,0.0,96198.72362416405,-0.03819535963407972,0.0,0.0
2019-03-15,0.0,96198.72362416405,-0.03819535963407972,0.0,0.0
2019-03-18,0.0,96198.72362416405,-0.03819535963407972,0.0,0.0
2019-03-19,0.0,96198.72362416405,-0.03819535963407972,0.0,0.0
2019-03-20,0.0,96198.72362416405,-0.03819535963407972,0.0,0.0
2019-03-21,0.0,96198.72362416405,-0.03819535963407972,0.0,0.0
2019-03-22,0.0,96198.72362416405,-0.03819535963407972,0.0,0.0
2019-03-25,1.289055668218797e-05,96199.96367926367,-0.038182961436845964,1.0,0.25
2019-03-26,0.003733274272258724,96559.10452865968,-0.034592234632158214,2.0,0.25
2019-03-27,0.0007573722762333202,96632.2357174476,-0.033861061555408134,2.0,0.5
2019-03-28,0.003809550051580235,97000.36105600932,-0.030180506912622862,1.0,0.25
2019-03-29,0.0010886600407770675,97105.96147303196,-0.029124703183731948,1.0,0.25
2019-04-01,0.0006373123380720158,97167.84830037906,-0.028505952378341637,1.0,0.25
2019-04-02,0.0,97167.84830037906,-0.028505952378341637,0.0,0.0
2019-04-03,0.0,97167.84830037906,-0.028505952378341637,0.0,0.0
2019-04-04,0.0,97167.84830037906,-0.028505952378341637,0.0,0.0
2019-04-05,0.0,97167.84830037906,-0.028505952378341637,0.0,0.0
2019-04-08,0.0,97167.84830037906,-0.028505952378341637,0.0,0.0
2019-04-09,0.0,97167.84830037906,-0.028505952378341637,0.0,0.0
2019-04-10,0.0,97167.84830037906,-0.028505952378341637,0.0,0.0
2019-04-11,0.0003687022737656198,97203.67430698435,-0.028147760314033543,1.0,0.25
2019-04-12,-0.0015243147606883722,97055.50531144507,-0.02962916902819479,1.0,0.25
2019-04-15,0.0001444324756494364,97069.52327835262,-0.029489015966779553,7.0,0.25
2019-04-16,0.009131071699944527,97955.87205528667,-0.020627210585988598,7.0,1.0
2019-04-17,-0.010771345623087684,96900.75550156823,-0.03117637339461432,7.0,1.0
2019-04-18,-0.005386400516110376,96378.80922212309,-0.036394845476981574,6.0,1.0
2019-04-22,0.00026871379802480635,96404.70753799829,-0.03613591147611328,6.0,1.0
2019-04-23,-0.006791215599178196,95750.00238433201,-0.0426817203095845,4.0,1.0
2019-04-24,-0.0062331564387788085,95153.17764045703,-0.048648834908597505,4.0,0.75
2019-04-25,0.0019515200736326954,95338.87097669231,-0.04679225401284781,3.0,0.25
2019-04-26,-0.0007443877955780054,95267.90188469308,-0.04750181022561095,5.0,0.75
2019-04-29,-0.004543684710142186,94835.03457553228,-0.05182966168692693,5.0,0.9999999999999999
2019-04-30,-0.0037705502725526585,94477.45431006595,-0.05540478561447981,4.0,1.0
2019-05-01,-0.0028451423496818054,94208.65250371826,-0.05809229346223477,4.0,1.0
2019-05-02,-0.0010684269981151573,94107.99743592723,-0.05909865308563245,4.0,1.0
2019-05-03,-0.000666761461613069,94045.24985000739,-0.059726009842934746,2.0,0.5
2019-05-06,-0.0006549069891621517,93983.65895858311,-0.06034180185081606,2.0,0.25
2019-05-07,-0.0022165137865362006,93775.3428827923,-0.06242456720164535,3.0,0.25
2019-05-08,0.0007695905870809538,93847.51150397518,-0.06170301797388544,2.0,0.5
2019-05-09,0.0027700160393928086,94107.4706160983,-0.059103920283959166,2.0,0.5
2019-05-10,-0.0003716548072437431,94072.49512224628,-0.05945360883510242,2.0,0.5
2019-05-13,-0.0016003004633085571,93921.95086471757,-0.06095876566064673,2.0,0.25
2019-05-14,0.0003545717944758442,93955.25293937634,-0.06062580812510021,1.0,0.25
2019-05-15,-0.00025605677122592096,93931.19506066896,-0.06086634124764467,1.0,0.25
2019-05-16,0.001177095825957819,94041.76107830211,-0.059760890937910816,4.0,0.25
2019-05-17,0.007713755167839342,94767.17619881257,-0.052508116651378556,4.0,1.0
2019-05-20,0.001998621757036273,94956.57993901639,-0.05061443875870286,4.0,1.0
2019-05-21,-0.0020482386045943823,94762.08620622505,-0.05255900691588167,2.0,0.5
2019-05-22,-0.0009548664853965827,94671.60106602046,-0.05346368656706857,1.0,0.25
2019-05-23,-0.0012116514042255222,94556.89208764854,-0.054610558620390104,1.0,0.25
2019-05-24,0.0,94556.89208764854,-0.054610558620390104,0.0,0.0
2019-05-28,0.0,94556.89208764854,-0.054610558620390104,0.0,0.0
2019-05-29,0.0,94556.89208764854,-0.054610558620390104,0.0,0.0
2019-05-30,0.0,94556.89208764854,-0.054610558620390104,0.0,0.0
2019-05-31,0.0,94556.89208764854,-0.054610558620390104,0.0,0.0
2019-06-03,0.0,94556.89208764854,-0.054610558620390104,0.0,0.0
2019-06-04,0.0018765302467987355,94734.33095569428,-0.05283650673863716,1.0,0.25
2019-06-05,0.0003304712867412407,94765.63793194378,-0.05252349640026477,2.0,0.25
2019-06-06,0.0002890923684444324,94793.03395466067,-0.05224958817379377,2.0,0.5
2019-06-07,-0.0024149219225779173,94564.11617885588,-0.054538331420445174,1.0,0.25
2019-06-10,-0.006915810036199205,93910.12871512184,-0.061076964716849313,1.0,0.25
2019-06-11,0.0009632511892513351,94000.58775828942,-0.06017254598649746,1.0,0.25
2019-06-12,0.0005004303890985828,94047.6285089968,-0.05970222776799983,1.0,0.25
2019-06-13,0.017907756081431025,95731.81050037294,-0.04286360461895633,1.0,0.25
2019-06-14,0.0006063246211345796,95789.8550541051,-0.04228326925665293,1.0,0.25
2019-06-17,-0.00018767458060467423,95771.87773323164,-0.04246300834243322,1.0,0.25
2019-06-18,-0.004283658906691051,95361.62367616915,-0.04656477020523331,1.0,0.25
2019-06-19,0.001002630006609162,95457.23610154586,-0.04560882743448269,1.0,0.25
2019-06-20,-0.003022983494775866,95168.67045235397,-0.048493936196708054,1.0,0.25
2019-06-21,0.0006002948381681472,95225.79971398183,-0.04792275201812124,1.0,0.25
2019-06-24,0.00017568650145721731,95242.52960158205,-0.0477554848973063,1.0,0.25
2019-06-25,0.0006735119280609214,95306.67658132741,-0.04711413685795407,1.0,0.25
2019-06-26,-0.0013281966354557195,95180.09057415563,-0.048379756655352546,3.0,0.25
2019-06-27,0.006354592397888131,95784.92125414846,-0.04233259789131827,3.0,0.75
2019-06-28,0.009932148787393957,96736.27134363349,-0.0328209027647377,3.0,0.75
2019-07-01,-0.0002786208326637505,96709.31860316294,-0.03309037901014433,3.0,0.75
2019-07-02,0.0068482057335665925,97371.60391331045,-0.02646878299984079,1.0,0.25
2019-07-03,-0.0007549491053953639,97298.09330804518,-0.027203749521189535,1.0,0.25
2019-07-05,-0.0022750771361625677,97076.73264056785,-0.029416936028798468,1.0,0.25
2019-07-08,0.0005340180603745637,97128.57336904007,-0.028898627143544076,1.0,0.25
2019-07-09,0.000344647580887425,97162.04849688675,-0.028563939404592675,1.0,0.25
2019-07-10,-0.00014096112499001334,97148.3524252243,-0.028700874124550135,1.0,0.25
2019-07-11,-0.0005786795763083885,97092.1346578038,-0.029262945091180437,1.0,0.25
2019-07-12,-0.003410084954842907,96761.04223017365,-0.03257324091723346,1.0,0.25
2019-07-15,0.0011016672667183425,96867.64070309218,-0.031507458523804543,1.0,0.25
2019-07-16,-0.0019588938371697395,96677.88727869773,-0.0334046325946471,1.0,0.25
2019-07-17,0.004219983140961114,97085.86633311756,-0.029325616440065483,1.0,0.25
2019-07-18,0.0070630583972222105,97771.58947657328,-0.022469686584294046,1.0,0.25
2019-07-19,0.0014082915553483288,97909.28038038613,-0.021093038898813643,1.0,0.25
2019-07-22,0.005521311556653641,98449.86802165401,-0.015688188581596818,1.0,0.25
2019-07-23,-0.0024164683232932027,98211.96703414728,-0.01806674689413279,1.0,0.25
2019-07-24,-0.0031033920550694594,97907.17679594076,-0.021114070750430147,1.0,0.25
2019-07-25,0.00020185250293008883,97926.93960463184,-0.02091648017552794,2.0,0.25
2019-07-26,-0.0008481372420553468,97843.88412015265,-0.02174687737177372,3.0,0.5
2019-07-29,0.000974066116768868,97939.19053240716,-0.020793994151398265,5.0,0.75
2019-07-30,-0.0028294099321892223,97662.08041396418,-0.023564569350005615,6.0,1.0
2019-07-31,0.003061933405963953,97961.11520047965,-0.02057478908613153,6.0,1.0
2019-08-01,-0.004878072079344887,97483.2538195587,-0.025352495861296953,7.0,1.0
2019-08-02,0.004038033598141151,97876.89447373818,-0.021416836493240665,7.0,1.0
2019-08-05,-0.008831202940933343,97012.5237554123,-0.030058903004749227,7.0,1.0
2019-08-06,-0.004815455705104632,96545.36424442769,-0.034729611393890525,7.0,1.0
2019-08-07,-0.005616876049095498,96003.08090035195,-0.04015141552055346,6.0,1.0
2019-08-08,-0.00022109254448860502,95981.85533491694,-0.04036363088641992,6.0,1.0
2019-08-09,-0.002006958066097993,95789.22377615349,-0.042289580837933216,6.0,1.0
2019-08-12,-0.007990109667302726,95023.85737323623,-0.04994179211655658,6.0,1.0
2019-08-13,-0.010864341074090081,93991.48577655769,-0.06026354852724114,7.0,0.9999999999999999
2019-08-14,-0.004106527927600652,93605.50711525958,-0.0641226025097984,7.0,1.0
2019-08-15,-0.00834050910561363,92824.78953082916,-0.07192829646530352,7.0,1.0
2019-08-16,0.004010083690133757,93197.02470536684,-0.0682066512636843,7.0,0.9999999999999998
2019-08-19,0.0025489414972265064,93434.57846905639,-0.06583156453025074,6.0,1.0
2019-08-20,0.0017239841559307536,93595.65820195312,-0.06422107294853019,5.0,1.0
2019-08-21,-0.0017549099022906578,93431.4062545631,-0.06586328065396774,3.0,0.75
2019-08-22,0.0023196204509574048,93648.1316552729,-0.0636964380157824,2.0,0.5
2019-08-23,0.0025376157292486545,93885.77462717607,-0.06132045936953967,2.0,0.5
2019-08-26,0.0007014008076399736,93951.62618532547,-0.06066206878162639,1.0,0.25
2019-08-27,0.0015485444996879982,94097.11445929152,-0.05920746219488959,1.0,0.25
2019-08-28,-0.00608834497452343,93524.21876535613,-0.06493533171450461,1.0,0.25
2019-08-29,-0.003210275739843227,93223.98023476591,-0.06793714713428611,1.0,0.25
2019-08-30,-0.0014891702060685907,93085.15386090917,-0.0693251473649571,2.0,0.5
2019-09-03,0.013059297107708534,94300.78054149554,-0.057171187953723224,2.0,0.5
2019-09-04,-0.0018620424083524156,94125.18848898655,-0.05892677518556988,3.0,0.5
2019-09-05,0.003971599664343017,94499.01605599563,-0.055189209081774715,3.0,0.75
2019-09-06,-0.006183977381634924,93914.63627811859,-0.06103189764273764,3.0,0.75
2019-09-09,-0.003862855501461315,93551.85760870393,-0.06465899574262501,2.0,0.49999999999999994
2019-09-10,-0.005732245875727016,93015.59535875983,-0.07002060035667768,2.0,0.5
2019-09-11,-0.0018007512952668836,92848.09740493754,-0.07169526196515685,2.0,0.5
2019-09-12,-0.0002433522538541344,92825.50261116798,-0.07192116701542117,1.0,0.25
2019-09-13,-0.003243762237221781,92524.39875114674,-0.0749316340870213,1.0,0.25
2019-09-16,0.0003338191478247099,92555.28516709083,-0.07462282855343283,1.0,0.25
2019-09-17,-0.0028615786193698922,92290.430941947,-0.07727086808209738,1.0,0.25
2019-09-18,0.0014257021022371918,92422.0096033573,-0.07595533121892639,1.0,0.25
2019-09-19,0.0007572439227839234,92491.99560846093,-0.07525560400911102,1.0,0.25
2019-09-20,-0.0008673780556192334,92411.77008114972,-0.07605770700525039,1.0,0.25
2019-09-23,-0.0012724020298507666,92294.18515731637,-0.07723333305432178,1.0,0.25
2019-09-24,0.0023899592793434343,92514.76450156255,-0.07502795829598619,1.0,0.25
2019-09-25,-0.002041358663173204,92325.90868557584,-0.07691615798651175,1.0,0.25
2019-09-26,0.00020660610687767145,92344.98378213332,-0.07672544322759156,2.0,0.25
2019-09-27,0.0017589746378673388,92507.41626654037,-0.07510142669844067,2.0,0.5
2019-09-30,-0.0048378380702923385,92059.88036634172,-0.07957593622751802,2.0,0.5
2019-10-01,0.003996124498069187,92427.76310956296,-0.07589780707766447,2.0,0.5
2019-10-02,0.00012835700796140492,92439.62686068827,-0.07577919208513051,2.0,0.5
2019-10-03,0.00013265279293073196,92451.8892353688,-0.075656591613676,2.0,0.5
2019-10-04,-0.002895937545803584,92184.15433815162,-0.07833343239523793,2.0,0.5
2019-10-07,0.008795544178036407,92994.96414014777,-0.07022687338245104,2.0,0.5
2019-10-08,0.003821839875996268,93350.37600236542,-0.06667342937151444,2.0,0.5
2019-10-09,-0.0012489898533868948,93233.78232992861,-0.06783914478812592,2.0,0.5
2019-10-10,0.0004125725333427588,93272.24802769758,-0.06745456082260826,2.0,0.5
2019-10-11,-0.003493660846171781,92946.3864267288,-0.0707125583107383,2.0,0.5
2019-10-14,0.0070958747648468545,93605.92234465793,-0.0641184510039664,1.0,0.25
2019-10-15,-0.0012093675914360003,93492.71837580783,-0.0652502758187451,1.0,0.25
2019-10-16,-0.0006022941196578702,93436.40826129925,-0.06581327008097126,1.0,0.25
2019-10-17,-0.0032304903342022517,93134.56284754856,-0.06883115128231465,1.0,0.25
2019-10-18,-0.00046997932857748004,93090.79152823411,-0.06926878139262715,1.0,0.25
2019-10-21,-0.0006252444036611848,93032.58703179868,-0.06985071587837433,1.0,0.25
2019-10-22,0.0031397436545185786,93324.68550659523,-0.06693028556579839,1.0,0.25
2019-10-23,-0.0015371826818414147,93181.22841624619,-0.06836458417177738,1.0,0.25
2019-10-24,0.0042481565562480506,93577.0768626619,-0.06440685107199395,2.0,0.25
2019-10-25,-0.0006466362021435301,93516.56653707173,-0.06501183947256828,5.0,0.5
2019-10-28,-0.00305591167261041,93230.78816980864,-0.06786908070607667,8.0,1.0
2019-10-29,-0.0016176383986305485,93079.97446693057,-0.0693769314736773,8.0,1.0
2019-10-30,-0.0015322379734180342,92937.35379548755,-0.07080286747821218,8.0,1.0
2019-10-31,-0.0008939350451214203,92854.27383792891,-0.07163350935879986,8.0,0.9999999999999999
2019-11-01,-0.0023338193053195986,92637.56874106452,-0.0738001489970701,10.0,1.0
2019-11-04,-0.0015074629782166234,92497.92103579537,-0.07519636098288673,8.0,1.0
2019-11-05,0.002902661669812677,92766.41120572333,-0.07251196890780853,5.0,1.0
2019-11-06,0.010137898546112679,93706.86767101393,-0.06310918934586196,5.0,1.0
2019-11-07,-0.0001973266501174016,93688.3768087234,-0.06329406287105421,3.0,0.75
2019-11-08,-0.005438659911115251,93178.83758963634,-0.068388487899821,2.0,0.5
2019-11-11,0.0003341541034289075,93209.97368056966,-0.06807718609025115,4.0,0.5
2019-11-12,-0.008869340295015404,92383.26270510726,-0.0763427266555049,7.0,1.0
2019-11-13,-0.001487380466492693,92245.85364472882,-0.07771655644161146,8.0,0.9999999999999998
2019-11-14,0.00228364007649889,92456.50997300279,-0.07561039300800998,8.0,1.0
2019-11-15,-0.00030978886770563653,92427.86797546624,-0.07589675861767886,8.0,0.9999999999999999
2019-11-18,-0.001631466685769837,92277.07498802753,-0.07740440227020617,6.0,0.9999999999999999
2019-11-19,-0.0018935469365154018,92102.34401537335,-0.0791513803379299,5.0,0.9999999999999999
2019-11-20,-0.0018456947634042425,91932.35120132692,-0.08085098581312822,5.0,0.9999999999999999
2019-11-21,4.2841889956957147e-05,91936.28975700057,-0.08081160773220841,4.0,1.0
2019-11-22,0.007301763953007523,92607.5868435215,-0.07409991106352454,3.0,0.75
2019-11-25,0.006029796639387185,93165.99175945231,-0.06851692181884705,3.0,0.75
2019-11-26,0.0004485340553275763,93207.7798795548,-0.06809911993632145,1.0,0.25
2019-11-27,0.003340062831970858,93519.09972078101,-0.06498651244373987,2.0,0.25
2019-11-29,0.004525243045505056,93942.2963764144,-0.060755349161722316,2.0,0.5
2019-12-02,0.0010237525427271854,94038.47004119938,-0.05979379506218363,2.0,0.5
2019-12-03,-0.006502670235659425,93426.96888105552,-0.06590764596641507,2.0,0.5
2019-12-04,0.000759554868617951,93497.93179012934,-0.06519815157117015,1.0,0.25
2019-12-05,0.0005805689872096509,93552.21378969493,-0.0646554346087862,1.0,0.25
2019-12-06,-0.001441947020287937,93417.31645377952,-0.06600415191779463,1.0,0.25
2019-12-09,0.0008702421715793274,93498.61214211339,-0.06519134934271342,1.0,0.25
2019-12-10,0.0012894020741502366,93619.16944653961,-0.06398600512962216,1.0,0.25
2019-12-11,-0.0019721714207561747,93434.53639612222,-0.06583198517973332,1.0,0.25
2019-12-12,-0.00385181565063758,93074.64378652157,-0.06943022815954303,1.0,0.25
2019-12-13,0.00311316507307996,93364.40051674713,-0.0665332108477853,2.0,0.25
2019-12-16,-0.0006271661912670701,93305.84552127511,-0.06711864965861214,2.0,0.5
2019-12-17,0.007603304744670358,94015.27829923251,-0.06002566846134694,2.0,0.5
2019-12-18,-0.003826999765761424,93655.48185120335,-0.06362295000796714,2.0,0.5
2019-12-19,-0.0016092527915867738,93504.7665055869,-0.06512981738964463,2.0,0.5
2019-12-20,-0.0007662704852038072,93433.11656278779,-0.06584618081807603,2.0,0.5
2019-12-23,-0.00018148252757818617,93416.16008463445,-0.0660157134143281,1.0,0.25
2019-12-24,0.0002947758961912572,93443.69691694215,-0.06574039735922121,1.0,0.25
2019-12-26,-0.0006538004824007404,93382.60338282055,-0.06635121673811528,1.0,0.25
2019-12-27,0.0007968479619353541,93457.01512000637,-0.0656072406080096,1.0,0.25
2019-12-30,0.00010289410882319272,93466.63129629042,-0.06551109709774117,1.0,0.25
2019-12-31,0.0016698487923378358,93622.70643768442,-0.06395064193177658,1.0,0.25
2020-01-02,-0.0012873250980315887,93502.18357794154,-0.06515564176341426,1.0,0.25
2020-01-03,0.0011421247184075223,93608.97473303099,-0.06408793291400838,1.0,0.25
2020-01-06,0.00020041277859011997,93627.73516775822,-0.06390036417612754,2.0,0.25
2020-01-07,-0.00012756173006137073,93615.7918518785,-0.06401977466518294,2.0,0.5
2020-01-08,-0.005019900790853071,93145.8498643249,-0.06871830253856426,2.0,0.5
2020-01-09,0.004305231004558652,93546.86426510675,-0.06470891970067538,2.0,0.5
2020-01-10,0.0010299346901249118,93643.21142576578,-0.06374563097171071,2.0,0.5
2020-01-13,0.0012282749354221023,93758.2310352325,-0.06259565319705374,1.0,0.25
2020-01-14,0.001867560613522612,93933.33021470744,-0.06084499376001973,1.0,0.25
2020-01-15,0.006368066908258585,94531.50394643025,-0.05486439184305747,1.0,0.25
2020-01-16,-0.001612820706847068,94379.04157941605,-0.05638872612267154,1.0,0.25
2020-01-17,-0.0006304471521567656,94319.54058142901,-0.05698362316303063,1.0,0.25
2020-01-21,0.002195023368369464,94526.57417709912,-0.05491368017911846,1.0,0.25
2020-01-22,-0.00016527321122250527,94510.951466639,-0.055069877630077646,1.0,0.25
2020-01-23,6.831103505405833e-05,94517.40760755763,-0.05500532847536488,1.0,0.25
2020-01-24,0.0020424813902824024,94710.45765365381,-0.05307519444485975,1.0,0.25
2020-01-27,-0.006087861975750175,94133.87345979824,-0.058839941962493425,2.0,0.25
2020-01-28,-0.0033692667478056604,93816.71133010798,-0.062010961250402175,4.0,0.5
2020-01-29,0.0009097787479426522,93902.06378027798,-0.06115759875714466,4.0,1.0
2020-01-30,0.016091801386533794,95413.11714041585,-0.04604993330308804,4.0,1.0
2020-01-31,0.0019065449385589628,95595.02653597204,-0.04423118463178921,5.0,1.0
2020-02-03,-0.008800889053041439,94753.7053134064,-0.05264279993620158,3.0,0.75
2020-02-04,0.014126916603226514,96092.2830062156,-0.039259563777434114,3.0,0.75
2020-02-05,-0.0005944166625436176,96035.16415205486,-0.039830643901104135,4.0,0.75
2020-02-06,-0.002017695538642783,95841.39442979242,-0.041767973327246466,5.0,0.5
2020-02-07,0.005529915512398054,96371.38924357957,-0.03646903117847233,5.0,1.0
2020-02-10,-0.0015960788940263535,96217.5729032199,-0.038006902621549044,3.0,0.75
2020-02-11,-0.001876835822428452,96036.988315648,-0.039812405727638,1.0,0.25
2020-02-12,0.0008558147132932126,96119.17818326892,-0.03899066305693799,1.0,0.25
2020-02-13,0.002727234114288768,96381.31768504773,-0.03636976560907679,1.0,0.25
2020-02-14,0.0018156122509369599,96556.30878619815,-0.034620186750143445,1.0,0.25
2020-02-18,0.0016120465656519478,96711.96205216898,-0.03306394953764413,1.0,0.25
2020-02-19,-0.002797375459651613,96441.42238286948,-0.03576883271625997,2.0,0.25
2020-02-20,-0.009019225713566947,95571.59542626093,-0.044465451254048216,2.0,0.5
2020-02-21,0.002021392266472355,95764.78311015,-0.042533941106865925,2.0,0.5
2020-02-24,-0.0013609495263972593,95634.4520739307,-0.043837004086258013,2.0,0.5
2020-02-25,0.004215784180643223,96037.62628410845,-0.039806027253968534,3.0,0.5
2020-02-26,-0.004856150390312813,95571.25312774416,-0.04446887358949525,5.0,0.75
2020-02-27,-0.02395007198469387,93282.31473566729,-0.06735391285064252,5.0,1.0
2020-02-28,0.023137504417064136,95440.63470489775,-0.04577480988966676,16.0,1.0
2020-03-02,0.018693718942484946,97224.77510576347,-0.027936792377904918,17.0,1.0
2020-03-03,-0.011350753074744627,96121.20069079037,-0.03897044182066767,17.0,1.0
2020-03-04,0.004552413846100972,96558.78417571899,-0.034595437553499586,14.0,1.0
2020-03-05,-0.027493014352373692,93904.0921365282,-0.06113731904468822,14.0,1.0
2020-03-06,-0.011548101946704229,92819.67810732286,-0.07197940099831623,11.0,1.0
2020-03-09,-0.016940432333673393,91247.27263111241,-0.08770047115995927,7.0,0.9999999999999998
2020-03-10,0.0024866027152242965,91474.16834699377,-0.08543194467444759,34.0,1.0
2020-03-11,-0.01879159823999176,89755.2225260797,-0.10261814013325588,40.0,1.0000000000000002
2020-03-12,-0.01736976594427612,88196.19531852528,-0.11820545300178031,39.0,1.0000000000000002
2020-03-13,0.021019962043023185,90050.07599645974,-0.09967016509413296,77.0,0.9999999999999998
2020-03-16,-0.06194154057916334,84472.23555996828,-0.1554379820975862,84.0,1.0
2020-03-17,-0.01338269331172695,83341.76953811328,-0.1667404965659074,129.0,0.9999999999999998
2020-03-18,-0.03247834500329855,80634.96679386904,-0.19380338619571702,130.0,1.0
2020-03-19,0.014400189204338167,81796.12557218627,-0.18219400242103867,147.0,0.9999999999999999
2020-03-20,0.015620610579771156,83073.83099668345,-0.16941937340305646,137.0,0.9999999999999998
2020-03-23,-0.0035242152153627504,82781.06093748647,-0.1723465182848949,136.0,1.0
2020-03-24,0.024041097673935308,84771.20850903657,-0.1524488200908095,144.0,1.0
2020-03-25,0.005535377116871632,85240.44911678704,-0.1477573046841626,117.0,1.0
2020-03-26,0.018412471151450453,86809.93642708656,-0.13206541064262545,85.0,1.0
2020-03-27,-0.009768393952469891,85961.94276907791,-0.14054373763644346,68.0,1.0
2020-03-30,0.004504855292973482,86349.18888195547,-0.13667201154385578,38.0,1.0000000000000002
2020-03-31,-0.0034517580598194732,86051.13237327331,-0.139652010886277,26.0,1.0
2020-04-01,0.011432585254583887,87034.91928038423,-0.12981600915212466,17.0,1.0
2020-04-02,0.000184050544301377,87050.93810465101,-0.12965585131496682,19.0,1.0
2020-04-03,-0.0035084536305421197,86745.52392481564,-0.13270941340324194,24.0,1.0
2020-04-06,0.017908393546469097,88298.99690565589,-0.11717763225931921,21.0,1.0000000000000002
2020-04-07,0.010835337275629582,89255.74631822844,-0.10761195415037905,15.0,0.9999999999999999
2020-04-08,0.008111697125713618,89979.76189909143,-0.1003731726038396,8.0,0.9999999999999998
2020-04-09,0.02393706726623543,92133.61351226983,-0.07883874472194774,5.0,1.0
2020-04-13,0.010255967962404189,93078.53290071219,-0.06939134439960803,4.0,1.0
2020-04-14,-0.0012420378661117948,92962.92583832738,-0.07054719558839506,3.0,0.75
2020-04-15,0.011041334603208802,93989.36060820163,-0.06028479617699578,5.0,1.0
2020-04-16,-0.012950827596348486,92772.12060307378,-0.07245488577137504,6.0,0.9999999999999999
2020-04-17,-0.0032154455866439616,92473.81689731702,-0.07543735661533468,5.0,1.0
2020-04-20,0.010507684907890957,93445.50262750403,-0.0657223436810419,5.0,1.0
2020-04-21,0.013329907516933515,94691.12253540203,-0.05326850892717283,5.0,1.0
2020-04-22,-0.004101064516566388,94302.78813273825,-0.05715111585192756,4.0,0.75
2020-04-23,-0.0049771432192675935,93833.42965022537,-0.06184380978245907,3.0,0.75
2020-04-24,0.010328554925295275,94802.59338219656,-0.0521540120432914,2.0,0.5
2020-04-27,-0.003018319083243376,94516.44890545012,-0.05501491367671674,2.0,0.5
2020-04-28,0.007483308338362582,95223.74463565668,-0.04794329890060556,1.0,0.25
2020-04-29,-0.007373386585089764,94521.6231543781,-0.05496318100873676,2.0,0.25
2020-04-30,-0.001290787430001078,94399.61583134714,-0.05618302265557884,2.0,0.5
2020-05-01,0.010450308923370621,95386.12097903222,-0.046319843675207806,3.0,0.75
2020-05-04,0.003981000747776825,95765.85319797727,-0.042523242259739025,4.0,1.0
2020-05-05,0.0013063452768096344,95890.95646798209,-0.04127244701960997,5.0,1.0
2020-05-06,-0.0071116025438409045,95209.01809803305,-0.048090536324235766,8.0,1.0
2020-05-07,-0.007303808228657299,94513.62968820626,-0.055043100497967457,6.0,1.0
2020-05-08,0.0009758123900320682,94605.85725908291,-0.05412099984738716,7.0,0.9999999999999999
2020-05-11,-0.006038599743177813,94034.57035373511,-0.05983278453478591,5.0,1.0
2020-05-12,0.0015021148360024883,94175.82107696055,-0.05842054541211272,5.0,0.9999999999999999
2020-05-13,-0.014292220125040568,92829.8395116722,-0.07187780624229845,6.0,1.0
2020-05-14,-0.0004002570174606963,92792.6837169779,-0.07224929366341093,5.0,1.0
2020-05-15,0.0027677014905861178,93049.50616601686,-0.06968155665059095,5.0,1.0000000000000002
2020-05-18,-0.01237185665000351,91898.31101437728,-0.0811913230705642,4.0,1.0
2020-05-19,0.0018584185282291537,92069.09653827937,-0.07948379200146083,2.0,0.5
2020-05-20,-0.006484705256131651,91472.05558403028,-0.08545306829382338,2.0,0.5
2020-05-21,0.006086924258461385,92028.83905813604,-0.07988629038971962,2.0,0.5
2020-05-22,0.0038034731024568225,92378.86827214398,-0.07638666264401528,2.0,0.5
2020-05-26,0.008049124083830517,93122.4372455903,-0.06895238428615613,2.0,0.5
2020-05-27,0.002771920926094684,93380.56527808029,-0.06637159391696845,2.0,0.5
2020-05-28,-0.004668053249968024,92944.6598268501,-0.07072982103224679,2.0,0.5
2020-05-29,-0.004271275113341688,92547.66761441366,-0.07469898962124233,2.0,0.5
2020-06-01,0.001853677081191829,92719.22110478826,-0.07298378034509956,2.0,0.5
2020-06-02,0.004064336632558174,93096.06323166672,-0.06921607436458055,2.0,0.5
2020-06-03,-0.005464079199780397,92587.37896898112,-0.07430195145213503,2.0,0.5
2020-06-04,-0.0010405328413012616,92491.0387604739,-0.07526517067277749,1.0,0.25
2020-06-05,-0.0051595139169328666,92013.82995879767,-0.08003635289416378,2.0,0.5
2020-06-08,0.003301838489617403,92317.64476413272,-0.07699878151510098,2.0,0.49999999999999994
2020-06-09,0.0027821582375796017,92574.4870599872,-0.07443084607179729,2.0,0.5
2020-06-10,0.004593852795412523,92999.7606261516,-0.0701789176266765,2.0,0.5
2020-06-11,-0.001652876298278122,92846.04352606711,-0.07171579685537066,1.0,0.25
2020-06-12,-0.0009531677975781472,92757.54566724552,-0.07260060746480868,1.0,0.25
2020-06-15,-0.001997000496011675,92572.30880253919,-0.07445262451170243,1.0,0.25
2020-06-16,0.004906706431893004,93026.5339455558,-0.06991123525137233,1.0,0.25
2020-06-17,0.0017878151817339316,93192.84819524775,-0.06824840843739455,1.0,0.25
2020-06-18,0.0011371855685506915,93298.82575730751,-0.06718883397399555,1.0,0.25
2020-06-19,-0.0011036178462471569,93195.85950816785,-0.0682183010240004,1.0,0.25
2020-06-22,0.0004840239795199097,93240.96853896177,-0.06776729633801826,1.0,0.25
2020-06-23,0.0017968128642087966,93408.50511070386,-0.06609224862364227,1.0,0.25
2020-06-24,0.0074478145883480895,94104.19433774315,-0.05913667684877011,1.0,0.25
2020-06-25,-0.012052172078202833,92970.034394304,-0.0704761235214586,1.0,0.25
2020-06-26,0.004253954445688102,93365.52468543143,-0.06652197129473947,1.0,0.25
2020-06-29,-0.00170140469872182,93206.672143033,-0.06811019519893224,1.0,0.25
2020-06-30,0.004783029901483771,93652.48244291093,-0.06365293839768082,1.0,0.25
2020-07-01,0.002992520533985632,93932.73941968006,-0.06085090058889886,1.0,0.25
2020-07-02,-0.0013347257661772693,93807.364972089,-0.06210440709016507,1.0,0.25
2020-07-06,-0.0021201450150929446,93608.47975486441,-0.06409288175615058,1.0,0.25
2020-07-07,0.0020285387818584355,93798.36818635795,-0.06219435787057559,2.0,0.25
2020-07-08,0.000485678916998189,93843.92407623492,-0.061738885441951274,2.0,0.5
2020-07-09,0.007890671894458023,94584.41569040892,-0.05433537483564521,2.0,0.5
2020-07-10,-0.002578622203696118,94340.51821598601,-0.056773886635343884,1.0,0.25
2020-07-13,-0.0027304169800779488,94082.92926313974,-0.0593492872313276,1.0,0.25
2020-07-14,-0.004494241834920587,93660.09782649347,-0.06357679901670044,1.0,0.25
2020-07-15,0.0035697763070148825,93994.44342462717,-0.06023397766049132,1.0,0.25
2020-07-16,0.003324193631905059,94306.89915489378,-0.05711001343354949,1.0,0.25
2020-07-17,-0.0004022758026865081,94268.96177133737,-0.05748931525974055,1.0,0.25
2020-07-20,0.0016030943606832326,94420.08381234047,-0.05597838169614977,1.0,0.25
2020-07-21,-0.0019067497341971607,94240.04834262842,-0.057778394665926935,1.0,0.25
2020-07-22,-0.001538851404806696,94095.02691184732,-0.05922833370693448,1.0,0.25
2020-07-23,-0.00046908286765795504,94050.88854679116,-0.059669633577970504,1.0,0.25
2020-07-24,0.0016483725680738193,94205.91945147466,-0.058119618797033645,1.0,0.25
2020-07-27,0.004721019778517688,94650.66746045851,-0.05367298288837674,1.0,0.25
2020-07-28,0.0030561481710006944,94939.93392470179,-0.0507808673058624,2.0,0.25
2020-07-29,-0.0017485749443033605,94773.92433502724,-0.052440648097944687,2.0,0.5
2020-07-30,0.005531205086414304,95298.13834736857,-0.04719950299102482,3.0,0.5
2020-07-31,-0.003432202631174136,94971.05582618674,-0.05046970736384304,5.0,0.75
2020-08-03,0.0014254682195769808,95106.43404804663,-0.0491161821081646,4.0,1.0
2020-08-04,0.002479005974024645,95342.20346621991,-0.046758935443007466,3.0,0.75
2020-08-05,-0.0051148942752747,94854.53817551848,-0.051634662707066736,3.0,0.75
2020-08-06,0.0018361405103271555,95028.70443565091,-0.04989333069267321,3.0,0.25
2020-08-07,-0.00577563458694022,94479.85336356025,-0.05538079963320708,4.0,0.75
2020-08-10,-0.009899413007517122,93544.5582742247,-0.06473197523246865,4.0,1.0
2020-08-11,0.01627776685696561,95067.25478455037,-0.04950790037652797,4.0,1.0
2020-08-12,-0.001436803361887673,94930.6618332705,-0.050873570620714736,4.0,1.0
2020-08-13,0.0063335325683526456,95531.90827172679,-0.044862247468756666,4.0,1.0
2020-08-14,-0.0018630725727290798,95353.92539360526,-0.046641738418675804,3.0,0.75
2020-08-17,-0.0025307656639075027,95112.60695330032,-0.049054464772488426,2.0,0.5
2020-08-18,0.009182555721107322,95985.98376642878,-0.04032235440752363,2.0,0.5
2020-08-19,-0.00012414619506295743,95974.0674717648,-0.04044149473571079,1.0,0.25
2020-08-20,0.0005201180530056693,96023.98531687725,-0.039942411034207814,1.0,0.25
2020-08-21,-0.00030404577457962545,95994.78962988337,-0.04023431248748588,1.0,0.25
2020-08-24,-0.0011344955316930638,95885.88396998243,-0.04132316237144129,1.0,0.25
2020-08-25,8.724484232741636e-05,95894.24951881083,-0.04123952276189935,1.0,0.25
2020-08-26,-0.00046053301326975937,95850.08705112469,-0.04168106361348578,1.0,0.25
2020-08-27,-0.0008551045549595182,95768.125205094,-0.04250052650109393,1.0,0.25
2020-08-28,-0.0021030262576347825,95566.72232314323,-0.04451417303553362,1.0,0.25
2020-08-31,0.003305678904424403,95882.63522109181,-0.0413556436938608,1.0,0.25
2020-09-01,-0.004692273488980436,95432.7276737903,-0.04585386519231682,1.0,0.25
2020-09-02,0.001608767183859161,95586.25671433806,-0.04431886620203218,1.0,0.25
2020-09-03,0.0061449595900192056,96173.63039920887,-0.038446244253899975,1.0,0.25
2020-09-04,-0.013425735292088792,94882.4286953899,-0.05135581044766091,1.0,0.25
2020-09-08,0.002523948582445368,95121.90706679459,-0.0489614812901954,1.0,0.25
2020-09-09,-0.002170351327586112,94915.45910950965,-0.051025569001862725,1.0,0.25
2020-09-10,0.004571023872189217,95349.31993893902,-0.046687784223673034,1.0,0.25
2020-09-11,-0.001631360990472952,95193.77077792252,-0.04824298058423182,1.0,0.25
2020-09-14,-0.0011998543663481465,95079.55211640548,-0.04938495039968038,1.0,0.25
2020-09-15,0.002461169480441283,95313.5590082884,-0.04704532565195596,1.0,0.25
2020-09-16,0.006215361360323135,95905.96722006338,-0.041122367990873876,2.0,0.25
2020-09-17,-0.00032510667174567853,95874.78755025992,-0.04143410550642779,2.0,0.5
2020-09-18,-0.004882528746288666,95406.67614400145,-0.04611433104150453,2.0,0.5
2020-09-21,0.007597441276621708,96131.52276340318,-0.03886724068698133,2.0,0.5
2020-09-22,-0.00016349322323414017,96115.80591089219,-0.039024379379757224,2.0,0.5
2020-09-23,0.003397963765386064,96442.40393665827,-0.035759019041470386,2.0,0.5
2020-09-24,-0.0025506287272812067,96196.41517064937,-0.03821843978752504,2.0,0.5
2020-09-25,-0.0008774403846408818,96112.00855112096,-0.03906234576965839,2.0,0.5
2020-09-28,-0.004506591869513854,95678.87095482183,-0.043392899589322576,1.0,0.25
2020-09-29,0.013026605206819364,96925.24183338451,-0.03093155655423241,1.0,0.25
2020-09-30,-0.0015166239933884218,96778.24268605503,-0.03240126900679774,1.0,0.25
2020-10-01,-0.0004932830342649908,96730.50362085202,-0.032878569044773154,1.0,0.25
2020-10-02,-0.005601932795947034,96188.6258402499,-0.038296318306504484,1.0,0.25
2020-10-05,-0.007513521957818348,95465.9104879068,-0.04552210003582324,1.0,0.25
2020-10-06,-0.0015218438964262337,95320.62627471401,-0.04697466640215742,1.0,0.25
2020-10-07,-0.0031300392609747707,95022.26897209346,-0.04995767311302224,1.0,0.25
2020-10-08,-0.0003322897506206901,94990.69404603331,-0.050273362440902525,1.0,0.25
2020-10-09,0.0015864477377237618,95141.39181770745,-0.048766670765290954,1.0,0.25
2020-10-12,0.011625174343365352,96247.42708485873,-0.037708417471717603,1.0,0.25
2020-10-13,0.0028553283849854227,96522.24509539595,-0.03496075900149198,1.0,0.25
2020-10-14,0.006018095260152623,97103.12516110385,-0.029153060919377527,1.0,0.25
2020-10-15,-0.00017349838044322663,97086.27792615243,-0.029321501290966223,1.0,0.25
2020-10-16,-0.0025801143411401384,96835.78422814724,-0.03182596280612182,1.0,0.25
2020-10-19,0.00317446035924579,97143.18558653597,-0.028752532704198974,2.0,0.25
2020-10-20,-0.001716682575114148,96976.42157254848,-0.030419856307429383,2.0,0.5
2020-10-21,0.0021407417498041093,97184.02304695544,-0.028344235614045643,2.0,0.5
2020-10-22,0.0027591998417583197,97452.17318796804,-0.025663243182708295,2.0,0.5
2020-10-23,-0.0048978778989964555,96974.86434270152,-0.030435425650103598,7.0,0.5
2020-10-26,0.0002409898779617893,96998.23430342483,-0.030201770401654837,7.0,1.0
2020-10-27,-0.0006915254571949864,96931.15755510106,-0.03087241056576462,7.0,0.9999999999999999
2020-10-28,0.002853476570559485,97207.74834214174,-0.028107027695431386,6.0,1.0
2020-10-29,0.0019578581961712804,97398.06732896475,-0.02620419907380367,3.0,0.75
2020-10-30,-0.002829492260268157,97122.48025129236,-0.02895954675560608,2.0,0.25
2020-11-02,-0.011017181701653583,96052.46423904861,-0.03965767586865565,3.0,0.5
2020-11-03,0.013595448829151757,97358.34060152451,-0.02660139094245939,3.0,0.75
2020-11-04,0.012142183847518001,98540.4834721975,-0.014782206074364312,4.0,0.75
2020-11-05,-0.005747699616522661,97974.1023731324,-0.020444942010702016,4.0,0.75
2020-11-06,0.014454900756616568,99390.30829965461,-0.006285570861825018,4.0,1.0
2020-11-09,0.02150966554875225,101528.16058996756,0.0,4.0,1.0
2020-11-10,-0.010092622138100582,100503.47522875662,-0.010092622138100582,7.0,0.75
2020-11-11,0.010863143697152475,101595.2589222298,0.0,7.0,1.0
2020-11-12,0.0038432986591660813,101985.71984462324,0.0,7.0,1.0
2020-11-13,-0.006665344684373559,101305.94986897487,-0.00666534468437352,6.0,1.0
2020-11-16,-0.005387723857770199,100760.14138593173,-0.012017157505567422,5.0,1.0
2020-11-17,0.0012955157988561172,100890.67774099216,-0.010737210124117214,4.0,1.0
2020-11-18,0.003676556235783668,101261.60799137325,-0.007100129845170278,3.0,0.75
2020-11-19,-0.0007149505860890859,101189.2109453915,-0.007810004189265141,2.0,0.5
2020-11-20,0.0004356754476815272,101233.29660017068,-0.0073777313686551604,1.0,0.25
2020-11-23,-0.0038776518271634586,100840.74912263924,-0.011226774922296734,1.0,0.25
2020-11-24,-0.0019179722618416217,100647.3393629587,-0.01312321454124743,1.0,0.25
2020-11-25,0.004536379555514225,101103.91389556172,-0.008646366867880673,1.0,0.25
2020-11-27,-0.0014688945042049817,100955.40291208694,-0.010102560771311886,2.0,0.25
2020-11-30,-0.011766730664820035,99767.48787686201,-0.021750417324511107,2.0,0.5
2020-12-01,0.003088104416313464,100075.58029677904,-0.018729480467994164,2.0,0.5
2020-12-02,0.004862272821020003,100562.17507090386,-0.013958275490805638,2.0,0.5
2020-12-03,-0.015024604092352956,99051.26820379763,-0.028773162020097387,2.0,0.5
2020-12-04,-0.00438763155592925,98616.66773377184,-0.03303454754238333,2.0,0.5
2020-12-07,-0.0003916187191534136,98578.04760066677,-0.03341322931434032,2.0,0.5
2020-12-08,0.0002779588398756634,98605.44824041505,-0.03314455797692151,2.0,0.5
2020-12-09,0.00017073949791052145,98622.28408513886,-0.03297947756419839,2.0,0.5
2020-12-10,-0.0002740124657932279,98595.26034989452,-0.03324445324202374,2.0,0.5
2020-12-11,0.0016572164917493803,98758.6540413547,-0.03164233000644612,2.0,0.5
2020-12-14,0.016506083032789665,100388.77258516786,-0.01565853790009375,4.0,1.0
2020-12-15,-0.004432176650116748,99943.83181138198,-0.020021313144154895,4.0,1.0
2020-12-16,0.015454399669908747,101488.40373273724,-0.004876330849492128,4.0,1.0
2020-12-17,0.003502865384889975,101843.9039491404,-0.0013905465951399298,4.0,1.0
2020-12-18,0.0020595284818852033,102053.65437003004,0.0,4.0,1.0
2020-12-21,0.00010108483723419992,102063.9704470712,0.0,3.0,0.75
2020-12-22,0.004424167982429006,102515.51859728272,0.0,3.0,0.75
2020-12-23,0.0006140319667469201,102578.4664027891,0.0,2.0,0.5
2020-12-24,-0.000944608139618025,102481.56994847549,-0.0009446081396180528,1.0,0.25
2020-12-28,0.003147601058032967,102804.14104647418,0.0,1.0,0.25
2020-12-29,0.0003069355475131541,102835.69529179289,0.0,1.0,0.25
2020-12-30,-0.0020058642043428443,102629.42085167837,-0.0020058642043429,1.0,0.25
2020-12-31,-0.0010318143418445724,102523.5263433484,-0.0030356088667335968,1.0,0.25
2021-01-04,0.004921839384263382,103028.13067311866,0.0,1.0,0.25
2021-01-05,-0.00663532923818258,102344.50510530804,-0.006635329238182441,1.0,0.25
2021-01-06,-0.006214998612088157,101708.43414812369,-0.01280908928826463,1.0,0.25
2021-01-07,-0.004695339610904181,101230.87850850496,-0.017444285874854026,1.0,0.25
2021-01-08,0.00266152547807863,101500.30707082362,-0.014829188808078375,2.0,0.25
2021-01-11,0.004145678893956645,101921.09475157727,-0.010744986969177694,2.0,0.5
2021-01-12,-0.0036804484184635167,101545.97941959076,-0.014385889017344056,2.0,0.5
2021-01-13,0.00704418477075297,102261.28806134945,-0.007443041106920623,2.0,0.5
2021-01-14,-0.002307855362401245,102025.283799331,-0.009733719006990826,2.0,0.5
2021-01-15,0.0023470592782643684,102264.74318828978,-0.00740950534423368,2.0,0.5
2021-01-19,-0.004894385998430062,101764.22006109596,-0.0122676263634518,2.0,0.5
2021-01-20,0.0003590188321543897,101800.7553325374,-0.01191301184018767,1.0,0.25
2021-01-21,0.0005593195802836015,101857.69448828255,-0.011360355440686365,1.0,0.25
2021-01-22,0.00035774922070069826,101894.13399910809,-0.011006670378291616,1.0,0.25
2021-01-25,0.002895473702296203,102189.16578452075,-0.00814306620062566,1.0,0.25
2021-01-26,0.0029980149561772973,102495.53043190202,-0.005169464278707014,1.0,0.25
2021-01-27,-0.001724736684700079,102318.75263054833,-0.006885284998725316,1.0,0.25
2021-01-28,0.006460913449400918,102979.82523554497,-0.0004688567797755949,6.0,0.75
2021-01-29,0.005914360166348417,103588.88501185559,0.0,6.0,1.0
2021-02-01,-0.0065168235102755975,102913.81453060708,-0.0065168235102757155,5.0,0.9999999999999999
2021-02-02,0.012306385616505766,104180.31161748628,0.0,4.0,1.0
2021-02-03,0.0010942445983831428,104294.31036073159,0.0,2.0,0.5
2021-02-04,0.0002704893423201571,104322.5208601488,0.0,1.0,0.25
2021-02-05,-0.011661843551392659,103105.92794299085,-0.011661843551392659,1.0,0.25
2021-02-08,-0.002728986604095124,102824.55324683162,-0.014359005140657022,2.0,0.25
2021-02-09,-0.0006127947261551359,102761.5429028827,-0.014963000744189103,2.0,0.5
2021-02-10,-0.0006904467302892014,102690.59153158595,-0.015643116319539074,2.0,0.5
2021-02-11,-0.0013919309009000902,102547.65332400143,-0.017013273083447578,2.0,0.5
2021-02-12,-0.003676018480031684,102170.68625529851,-0.020626750457218734,2.0,0.5
2021-02-16,-0.001190052965565458,102049.09772712651,-0.02179225649723282,1.0,0.25
2021-02-17,0.012242689393919759,103298.4531335295,-0.009816362930801126,1.0,0.25
2021-02-18,0.0004918572588610282,103349.26122753233,-0.009329333921303418,1.0,0.25
2021-02-19,-0.009284438011089607,102389.72141817342,-0.018527154309915694,1.0,0.25
2021-02-22,-0.005374176398829894,101839.4609938451,-0.023801762513315783,1.0,0.25
2021-02-23,-0.005097586031304863,101320.32558004727,-0.028778017012512258,2.0,0.25
2021-02-24,0.0016003091785899426,101482.46942705073,-0.027223761558689108,2.0,0.5
2021-02-25,0.00887927227674523,102383.55990441,-0.018586216473220674,2.0,0.5
2021-02-26,-0.0010749620343862005,102273.50146456744,-0.019641199030535406,2.0,0.5
2021-03-01,-0.0048678061794402705,101775.65388214523,-0.024413395659963144,2.0,0.5
2021-03-02,-0.0010034540580457219,101673.52668924694,-0.025392351997063134,2.0,0.5
2021-03-03,-0.004704810903375656,101195.17197229473,-0.029977696685900446,2.0,0.5
2021-03-04,0.005630234566512404,101764.92452749732,-0.024516243583493358,2.0,0.5
2021-03-05,-0.014448713406583574,100294.55229815691,-0.038610728812732975,2.0,0.5
2021-03-08,-0.007738592429773289,99518.4136349949,-0.04605052854880798,3.0,0.5
2021-03-09,0.029966471610915868,102500.62935195134,-0.017464028794317743,3.0,0.75
2021-03-10,-0.014403912860952606,101024.21921857305,-0.03161639130631566,3.0,0.75
2021-03-11,0.01680912334344753,102722.34778009352,-0.015338711784010806,3.0,0.75
2021-03-12,-0.011164091413876198,101575.54609922858,-0.02633156041735918,3.0,0.75
2021-03-15,0.005483142491461368,102132.49929213866,-0.020992797623688664,3.0,0.75
2021-03-16,0.004325031588356842,102574.225577775,-0.016758560548182144,3.0,0.75
2021-03-17,-0.011263835697917501,101418.84635402581,-0.02783363057355137,3.0,0.75
2021-03-18,-0.0157308562552802,99823.44106045426,-0.043126639987216664,3.0,0.75
2021-03-19,0.010476803789911476,100869.27166607844,-0.033101665542569325,3.0,0.75
2021-03-22,0.0037988755288293477,101252.46147382155,-0.029428539120933128,3.0,0.75
2021-03-23,0.02524574937743196,103808.65574003775,-0.004925735266692044,2.0,0.5
2021-03-24,-0.020742551926030556,101655.39930797857,-0.025566114873179502,2.0,0.5
2021-03-25,0.0023523242973791936,101894.52577373052,-0.023273930369005935,1.0,0.25
2021-03-26,-0.0029614428228431355,101592.7709616909,-0.0261664487777985,1.0,0.25
2021-03-29,0.0010084785501440485,101695.22509205547,-0.025184358529980244,3.0,0.75
2021-03-30,-0.006079025539270059,101077.01722149905,-0.03111028771055646,3.0,0.75
2021-03-31,-0.0070196873577316465,100367.48816155207,-0.03791159057495086,3.0,0.75
2021-04-01,-0.0038823376983158076,99977.82767857722,-0.041646742675974346,3.0,0.75
2021-04-05,0.0020909099270069436,100186.87231095093,-0.03964291233665618,3.0,0.75
2021-04-06,0.0009569093050157684,100282.74206130569,-0.03872393770333349,3.0,0.75
2021-04-07,0.008377168934371015,101122.82753275521,-0.030671165736907202,3.0,0.75
2021-04-08,-0.0023917329555747384,100880.96873358423,-0.03298954145460298,3.0,0.75
2021-04-09,-0.0012500905208240043,100754.85839083884,-0.0341983920623683,3.0,0.75
2021-04-12,-0.006849051531957806,100064.78317362488,-0.0408132170447808,3.0,0.75
2021-04-13,0.008632918621153007,100928.6343036061,-0.032532635605042826,3.0,0.75
2021-04-14,-0.002776319613639444,100648.42415661115,-0.03521863422436866,3.0,0.75
2021-04-15,0.0049731953168227205,101148.96842827242,-0.03042058805433523,3.0,0.75
2021-04-16,0.0017798105714295909,101328.99443157025,-0.028694920367113963,3.0,0.75
2021-04-19,0.0049905521108088435,101834.68205861686,-0.023847571751712593,1.0,0.25
2021-04-20,0.004726054652618272,102315.9583315579,-0.01923422202652514,1.0,0.25
2021-04-21,-0.004097319991646503,101896.73711002152,-0.023252733255738622,2.0,0.25
2021-04-22,-0.0001402622590032103,101882.4448434894,-0.023389734033847587,2.0,0.5
2021-04-23,-0.0018923375580285617,101689.6488666083,-0.025237810319691523,3.0,0.5
2021-04-26,-0.00481657171222491,101199.8533804513,-0.02993282230865224,3.0,0.75
2021-04-27,-0.003818587150784647,100813.41292067141,-0.03363710836878242,4.0,0.75
2021-04-28,0.0017518851165064242,100990.02643831134,-0.03194415160178965,4.0,1.0
2021-04-29,-0.000561001996338989,100933.37083186914,-0.032487232865308524,3.0,0.75
2021-04-30,0.00025998281946382207,100959.61177419599,-0.03223569616824162,2.0,0.5
2021-05-03,0.004735528459431482,101437.70888900585,-0.027652820765424413,1.0,0.25
2021-05-04,-0.009953378894588194,100428.06093823464,-0.037330960657430134,1.0,0.25
2021-05-05,0.0051491472315031706,100945.17981017998,-0.03237403603864564,1.0,0.25
2021-05-06,-0.003201798479074258,100621.97368699388,-0.03547217937836977,1.0,0.25
2021-05-07,0.0007801309835804293,100700.47200629613,-0.03471972134097745,1.0,0.25
2021-05-10,0.00019778012787052823,100720.38855852616,-0.03452880808403325,1.0,0.25
2021-05-11,-0.004879648060651054,100228.90850982853,-0.03923996771328053,1.0,0.25
2021-05-12,0.007107115096593564,100941.24689861384,-0.032411735583611656,1.0,0.25
2021-05-13,-0.0020120974405828385,100738.14327407988,-0.034358617453982054,4.0,0.5
2021-05-14,-0.019376740279115345,98786.16643565772,-0.053069599726342176,4.0,1.0
2021-05-17,-0.002641912737042479,98525.18200430776,-0.05557130721191783,4.0,1.0
2021-05-18,-0.0025175158480854054,98277.1432971764,-0.05794892141339858,4.0,1.0
2021-05-19,0.015733368262889846,99823.37378449569,-0.043127284871542826,4.0,1.0
2021-05-20,0.002518392283241272,100074.76819872168,-0.040717504009719185,4.0,1.0
2021-05-21,-0.001052246732695633,99969.4648508593,-0.041726905881857124,3.0,0.75
2021-05-24,-0.0017150807536790713,99798.00914573799,-0.04337042162234761,1.0,0.25
2021-05-25,-0.0006531518311375384,99732.82589332057,-0.04399524598318538,1.0,0.25
2021-05-26,-0.004071319411342422,99326.78170331306,-0.047887446695549674,1.0,0.25
2021-05-27,-0.0021386157182228527,99114.35988672185,-0.0499236495675639,1.0,0.25
2021-05-28,-0.002085972206043285,98907.61008677837,-0.05190548242818516,1.0,0.25
2021-06-01,-0.0019718816434904918,98712.57598604675,-0.053775012603678785,1.0,0.25
2021-06-02,0.0018926989527990323,98899.40917524362,-0.05198409356092171,1.0,0.25
2021-06-03,0.00486640756657164,99380.69400838349,-0.047370661780596235,1.0,0.25
2021-06-04,0.0054145699847201745,99918.79773122194,-0.04221258355930968,1.0,0.25
2021-06-07,0.008523717141718068,100770.47730022341,-0.03404867453967231,1.0,0.25
2021-06-08,-0.0033400739841493166,100433.89645062262,-0.037275023431797005,1.0,0.25
2021-06-09,-0.00010341329529142684,100423.5102504317,-0.03737458199408328,1.0,0.25
2021-06-10,0.00313195679400069,100738.03234563794,-0.03435968077608187,1.0,0.25
2021-06-11,-0.002766482950446403,100459.34229669222,-0.037031108255478395,1.0,0.25
2021-06-14,0.0028966372831409903,100750.33657302863,-0.03424173666114638,1.0,0.25
2021-06-15,0.0019316859649757268,100944.95458415334,-0.03237619497829536,1.0,0.25
2021-06-16,0.0033159006641220734,101279.6780260987,-0.029167650560603553,1.0,0.25
2021-06-17,0.0020196746414881672,101484.23002350611,-0.027206885083304266,1.0,0.25
2021-06-18,-0.003805251087908912,101098.05704680354,-0.0309086071421516,1.0,0.25
2021-06-21,0.0031046411924900985,101411.93023919177,-0.02789992608459746,1.0,0.25
2021-06-22,-0.0025925524064922545,101149.01449540313,-0.030420146470578113,1.0,0.25
2021-06-23,-0.004658939720976751,100677.76733403285,-0.03493736056284513,1.0,0.25
2021-06-24,-0.003985771570644142,100276.48875119693,-0.03878387979500464,1.0,0.25
2021-06-25,0.00570120917235295,100848.18598863659,-0.03330378563387848,1.0,0.25
2021-06-28,-0.0029916544699346848,100546.48306223888,-0.03619580668465572,2.0,0.25
2021-06-29,-0.0007471510230067924,100471.35965455917,-0.03691591397366978,2.0,0.5
2021-06-30,-0.0007291908528366808,100398.09685812701,-0.03761818607971268,2.0,0.5
2021-07-01,-0.006213914131885129,99774.23170524593,-0.04359834403350116,2.0,0.5
2021-07-02,0.0012957812298620692,99903.51728191349,-0.042359056719490806,2.0,0.5
2021-07-06,0.0022691888571430003,100130.21723011899,-0.04018598856185496,2.0,0.5
2021-07-07,0.0035652831351400405,100487.20980492745,-0.03676397985400326,2.0,0.5
2021-07-08,-0.0033769802419777173,100147.86648284472,-0.04001680886239778,2.0,0.5
2021-07-09,0.0006890208019668665,100216.87044612401,-0.039355360474165324,2.0,0.5
2021-07-12,0.0013276903549339358,100349.92741841699,-0.03807992185174791,2.0,0.5
2021-07-13,0.00199720609954096,100550.34690554556,-0.03615876920439909,2.0,0.5
2021-07-14,-0.0015870837525172319,100390.7650836618,-0.03768846596180109,2.0,0.5
2021-07-15,-0.002297364408404806,100160.13091302606,-0.03989924622989782,2.0,0.5
2021-07-16,0.001623135936133946,100322.70442087887,-0.03834087219414439,1.0,0.25
2021-07-19,-0.004505708375299539,99870.67957133702,-0.042673827780482454,1.0,0.25
2021-07-20,-0.002683245175156529,99602.70205223763,-0.045242568613141576,1.0,0.25
2021-07-21,-0.0035856276591590963,99245.56384883214,-0.04866597326690991,1.0,0.25
2021-07-22,0.0046928082243212765,99711.30424708933,-0.04420154512218033,1.0,0.25
2021-07-23,0.0005388512547595536,99765.03380849658,-0.04368651192547224,1.0,0.25
2021-07-26,-0.004042632644499861,99361.72042604271,-0.04755253605073795,1.0,0.25
2021-07-27,-0.0012619569836181121,99236.33020904675,-0.04875448377939817,1.0,0.25
2021-07-28,-0.001078705584923012,99129.28342542298,-0.04978059763037834,1.0,0.25
2021-07-29,0.0015617680509121823,99284.10037318662,-0.04829657532640064,2.0,0.25
2021-07-30,-0.001823185473776301,99103.08704360928,-0.050031707185608676,2.0,0.5
2021-08-02,0.0008389220778696194,99186.2268113152,-0.04923475781149056,3.0,0.5
2021-08-03,-0.003169867393265774,98871.81962508494,-0.05224855755135438,2.0,0.5
2021-08-04,0.005318453019963031,99397.66475275921,-0.04720798603008913,2.0,0.5
2021-08-05,0.002166033351220037,99612.9634096471,-0.04514420675105402,2.0,0.5
2021-08-06,-0.004943184552535035,99120.55814768828,-0.04986423515814087,6.0,0.5
2021-08-09,0.004559297374173066,99572.4782481776,-0.04553228366038942,6.0,1.0
2021-08-10,0.0009818135447999233,99670.23985601096,-0.04459517432841298,7.0,1.0
2021-08-11,0.003133188425856139,99982.52549793011,-0.041601710986611806,7.0,1.0
2021-08-12,-0.0007213147674210436,99910.4066258044,-0.042293017825548174,6.0,0.9999999999999999
2021-08-13,0.007154759787768734,100625.24158551033,-0.03544085442102107,5.0,1.0
2021-08-16,0.004754395155040142,101103.65374657924,-0.030854959092530554,4.0,1.0
2021-08-17,-0.0015101716278858035,100950.96987721557,-0.032318534436615254,3.0,0.75
2021-08-18,-0.0014655430993653351,100803.02187993778,-0.03373671333085537,2.0,0.5
2021-08-19,0.012355793421813033,102048.52319458078,-0.02179776376968945,2.0,0.5
2021-08-20,0.004707322567903072,102528.8985108358,-0.01719305030710927,2.0,0.5
2021-08-23,-0.00406163984603064,102112.46305127455,-0.02118485817493787,2.0,0.5
2021-08-24,-0.002871607733050452,101819.23611273569,-0.023995631305429588,2.0,0.5
2021-08-25,-0.0018199998263574713,101633.92512069065,-0.025771959086977825,2.0,0.5
2021-08-26,0.0005591501270864052,101690.75374283816,-0.025227219354090336,2.0,0.5
2021-08-27,-0.002260872461308655,101460.84391813126,-0.027431056289885958,4.0,0.5
2021-08-30,0.0038762318547304053,101854.12967333457,-0.023661153569355053,4.0,1.0
2021-08-31,0.002832264678739954,102142.60752719216,-0.020895903540127825,4.0,1.0
2021-09-01,-0.0007101415391332355,102070.07181867171,-0.021591206030159515,4.0,1.0
2021-09-02,-0.00907823178489775,101143.45604840065,-0.030473427842199974,4.0,1.0
2021-09-03,-0.001222543980638674,101019.80372502768,-0.031658716717060775,3.0,0.75
2021-09-07,-0.0013196919358623724,100886.48870468937,-0.03293662889977178,2.0,0.5
2021-09-08,0.00039991770001354676,100926.8349972146,-0.032549883140634006,2.0,0.5
2021-09-09,-0.009987880057586773,99918.78987467056,-0.042212658869523745,2.0,0.5
2021-09-10,0.0027106389999031477,100189.63364332798,-0.03961644314904189,2.0,0.5
2021-09-13,0.0014803585698943689,100337.95022610645,-0.03819473112027194,2.0,0.5
2021-09-14,0.0031031335836422813,100649.31228916692,-0.03521012088948705,2.0,0.5
2021-09-15,-0.0028074673133416383,100366.74263480476,-0.03791873693933279,2.0,0.5
2021-09-16,0.0005320524973325969,100420.14301087277,-0.037406859200684206,2.0,0.5
2021-09-17,-0.0030453003781210075,100114.33351139078,-0.04033824445633716,2.0,0.5
2021-09-20,-0.0019088795099310718,99923.22731150048,-0.04217012311795898,2.0,0.5
2021-09-21,0.001537776747798536,100076.88692702507,-0.040697194604943254,2.0,0.5
2021-09-22,-0.005175092420956429,99558.97978797612,-0.04566167528254539,2.0,0.5
2021-09-23,-0.002646560633517925,99295.49091135606,-0.04818738952379997,2.0,0.5
2021-09-24,-0.0014648289927786935,99150.03999741691,-0.04958163223131784,2.0,0.5
2021-09-27,-0.010106148854951646,98148.0149342286,-0.05918670173046836,2.0,0.5
2021-09-28,-0.011383328938043002,97030.76379561632,-0.06989628897395561,2.0,0.5
2021-09-29,0.004228148823812672,97441.02430543241,-0.06596367206215703,2.0,0.5
2021-09-30,0.0039663673886858875,97827.51120655762,-0.062258940831176446,2.0,0.5
2021-10-01,-0.009618751886605076,96886.53264857767,-0.07127883941320357,2.0,0.5
2021-10-04,0.005042329222806618,97375.066443448,-0.06659592156533789,2.0,0.5
2021-10-05,-0.0005092165966575912,97325.48144351436,-0.06707122641346475,2.0,0.5
2021-10-06,0.0029403301112091995,97611.65048719067,-0.06432810784887466,1.0,0.25
2021-10-07,0.0005923037661542119,97669.46623539474,-0.06377390586326914,1.0,0.25
2021-10-08,4.728222704952767e-05,97674.0842652731,-0.06372963900851636,1.0,0.25
2021-10-11,0.0005738359984191477,97730.13317093713,-0.0631923733711266,1.0,0.25
2021-10-12,0.0,97730.13317093713,-0.0631923733711266,0.0,0.0
2021-10-13,0.0,97730.13317093713,-0.0631923733711266,0.0,0.0
2021-10-14,0.0,97730.13317093713,-0.0631923733711266,0.0,0.0
2021-10-15,0.0,97730.13317093713,-0.0631923733711266,0.0,0.0
2021-10-18,0.0,97730.13317093713,-0.0631923733711266,0.0,0.0
2021-10-19,0.0,97730.13317093713,-0.0631923733711266,0.0,0.0
2021-10-20,0.0,97730.13317093713,-0.0631923733711266,0.0,0.0
2021-10-21,0.0,97730.13317093713,-0.0631923733711266,0.0,0.0
2021-10-22,0.0,97730.13317093713,-0.0631923733711266,0.0,0.0
2021-10-25,0.0,97730.13317093713,-0.0631923733711266,0.0,0.0
2021-10-26,0.0,97730.13317093713,-0.0631923733711266,0.0,0.0
2021-10-27,-8.612263502810746e-05,97721.71639434679,-0.0632730537124464,1.0,0.25
2021-10-28,0.005201382981839087,98230.00446695645,-0.058400778115396235,1.0,0.25
2021-10-29,0.00022257503708994486,98251.86801384402,-0.05819120163366143,2.0,0.25
2021-11-01,0.0003966301096732794,98290.83766302995,-0.05781765190667432,1.0,0.25
2021-11-02,0.0005621945644092574,98346.09623769534,-0.0572879621118938,1.0,0.25
2021-11-03,0.00040839090251676424,98386.25988869685,-0.056902967091927326,1.0,0.25
2021-11-04,-0.0010041869009776994,98287.46169528044,-0.05785001277872448,2.0,0.25
2021-11-05,0.005794155348520458,98856.95451715465,-0.052391049391157796,2.0,0.5
2021-11-08,0.007923217398988325,99640.21965919597,-0.04488293766625684,3.0,0.5
2021-11-09,-0.0016145191953468585,99479.3486119276,-0.046424992497198,3.0,0.5
2021-11-10,-0.0006196796453430686,99417.70328446082,-0.04701590351965523,3.0,0.75
2021-11-11,0.002537501753695548,99669.97588089351,-0.04459770470359248,3.0,0.75
2021-11-12,0.0017558176480054477,99844.97818352147,-0.04292019249256607,2.0,0.5
2021-11-15,-0.0043459517697699845,99411.05672388215,-0.04707961517581405,2.0,0.5
2021-11-16,-0.0018221834903590084,99229.91153756075,-0.04881601096866728,2.0,0.5
2021-11-17,-0.0014869944819611292,99082.35720665891,-0.050230416311686676,2.0,0.5
2021-11-18,-0.004034629999724371,98682.59655582951,-0.05406238516686124,1.0,0.25
2021-11-19,0.0038695975965288287,99064.45849428118,-0.05040198724603673,1.0,0.25
2021-11-22,-0.0002470395079491039,99039.9856591995,-0.05063657547185696,1.0,0.25
2021-11-23,0.0,99039.9856591995,-0.05063657547185696,0.0,0.0
2021-11-24,-0.012654536910374214,97786.68050507223,-0.06265032996890751,2.0,0.5
2021-11-26,-0.004887626443118326,97308.73573965087,-0.06723174500259976,5.0,0.5
2021-11-29,-0.0080673941075633,96523.70781833038,-0.07475675412668792,5.0,1.0
2021-11-30,-0.02079876229410399,94516.13416367138,-0.09400066846183219,5.0,0.9999999999999999
2021-12-01,-0.01966143563157237,92657.8112756673,-0.11181391600111734,5.0,0.9999999999999999
2021-12-02,0.017046449997221304,94237.29802242994,-0.09667349633200262,5.0,1.0
2021-12-03,0.004526512860606846,94663.86436387732,-0.09258457729582226,3.0,0.75
2021-12-06,0.005665912546027885,95200.22154063209,-0.08744324086786348,1.0,0.25
2021-12-07,0.00778637266764326,95941.48594358965,-0.08033773386088394,1.0,0.25
2021-12-08,-0.0009152611403474564,95853.67442975829,-0.08117946499532491,1.0,0.25
2021-12-09,-0.005700488541800192,95307.26165698201,-0.08641719092708977,1.0,0.25
2021-12-10,0.0015189035454142852,95452.02419461653,-0.08502954675935936,2.0,0.25
2021-12-13,-0.0007139846513824488,95383.87291439819,-0.08568282161944163,5.0,0.5
2021-12-14,0.0006851855421024708,95449.22856506887,-0.08505634470791934,5.0,1.0
2021-12-15,-0.007034172286874697,94777.82224669289,-0.09149221601202684,5.0,0.9999999999999999
2021-12-16,0.0029303981270497946,95055.55899949046,-0.08882992650341826,5.0,1.0
2021-12-17,-0.004614569892967657,94616.9184787722,-0.09303458449194868,4.0,1.0
2021-12-20,0.00043702691021715867,94658.26861830924,-0.09263821619873547,3.0,0.75
2021-12-21,0.002542412864724397,94898.92901819698,-0.09033132792663967,1.0,0.25
2021-12-22,0.001706064110847394,95060.83267515278,-0.08877937485245324,1.0,0.25
2021-12-23,-0.0013115987096066484,94936.15100968191,-0.08997453064856376,1.0,0.25
2021-12-27,0.0025093945057471645,95174.38326542238,-0.08769091773568338,1.0,0.25
2021-12-28,-0.0005598630049871434,95121.0986492096,-0.08820168583995691,1.0,0.25
2021-12-29,0.0004946760799647287,95168.15278141134,-0.08775064102418972,1.0,0.25
2021-12-30,-0.0014897099664299418,95026.37983572614,-0.08910962798612532,1.0,0.25
2021-12-31,0.00038319455439222994,95062.79342700279,-0.08876057975592133,1.0,0.25
2022-01-03,0.001401567380010682,95196.03033732278,-0.08748341630912737,1.0,0.25
2022-01-04,-0.0035954098187756522,94853.76159513951,-0.09076428739392506,1.0,0.25
2022-01-05,-0.008646294528894455,94033.6280352144,-0.09862580716130642,1.0,0.25
2022-01-06,0.00020544227915308966,94052.94651807498,-0.09844062679275989,1.0,0.25
2022-01-07,-0.0011149898742633946,93948.0784350627,-0.0994458563649332,1.0,0.25
2022-01-10,0.00015719450550860659,93962.84655679578,-0.09930429420164077,3.0,0.25
2022-01-11,0.00736206131175257,94654.60679417371,-0.09267331719232086,3.0,0.75
2022-01-12,0.0007182218235104176,94722.5897984691,-0.09202165536767504,3.0,0.75
2022-01-13,-0.005722595230932908,94180.53075782677,-0.09721764791245824,2.0,0.5
2022-01-14,-0.001153750897777167,94071.8698859118,-0.09825923386167656,2.0,0.5
2022-01-18,-0.0038879860708973812,93706.1197661321,-0.10176518939998269,4.0,0.25
2022-01-19,0.009723336823767387,94617.2559310665,-0.09303134978968586,4.0,1.0
2022-01-20,0.00030182301337144946,94645.81359636856,-0.09275760577864578,4.0,1.0
2022-01-21,-0.010057412155032973,93693.92164028146,-0.10188211646184886,3.0,0.75
2022-01-24,0.005734070852738249,94231.16922543774,-0.09673224488352972,7.0,0.5
2022-01-25,-0.013273424145498387,92980.39894858227,-0.1087217009141429,7.0,1.0
2022-01-26,-0.014700221929009872,91613.56644899023,-0.12182368971121549,5.0,1.0
2022-01-27,0.0061411282273059215,92176.17710791428,-0.11643069638354975,5.0,1.0
2022-01-28,0.00838283672964052,92948.87495097236,-0.10902387917201084,2.0,0.5
2022-01-31,0.006776494191625959,93578.74246219579,-0.1029861846643425,2.0,0.25
2022-02-01,-0.0018925098004030638,93401.6437749767,-0.10468379210096201,2.0,0.5
2022-02-02,-0.000990845999843698,93309.09712986345,-0.10557091258415396,2.0,0.25
2022-02-03,-0.0031003870940142786,93019.80280936789,-0.10834398898328912,3.0,0.5
2022-02-04,-0.0007988386331703177,92945.49499723388,-0.10905627825238784,3.0,0.75
2022-02-07,0.0005762105989605693,92999.05117657693,-0.10854290703683933,5.0,0.75
2022-02-08,-0.006876883402976711,92359.50754504814,-0.11467335352390373,6.0,1.0
2022-02-09,0.0062690303861580535,92938.51210429864,-0.10912321387546964,7.0,1.0
2022-02-10,0.004065934343394892,93316.39399248753,-0.10550096735503256,6.0,1.0
2022-02-11,-0.0004692760641725191,93272.60284239198,-0.10592073434047822,4.0,1.0
2022-02-14,0.0010401107455270675,93369.61667887162,-0.10499079288891289,3.0,0.5
2022-02-15,0.0037439059026641575,93719.18373788513,-0.10163996263547093,1.0,0.25
2022-02-16,-0.002217232925931456,93511.38647791007,-0.10363183608965665,1.0,0.25
2022-02-17,-0.003164297734196242,93215.48860955647,-0.10646821183972377,1.0,0.25
2022-02-18,-0.0009529674115156539,93126.65728666306,-0.10731971851499378,1.0,0.25
2022-02-22,0.0054220972474426365,93631.5990788006,-0.10247951921790766,1.0,0.25
2022-02-23,-0.0004836713981193619,93586.31215236601,-0.10291362420368833,1.0,0.25
2022-02-24,0.0,93586.31215236601,-0.10291362420368833,0.0,0.0
2022-02-25,-0.004804326369308692,93136.69296508604,-0.1072235199344741,2.0,0.5
2022-02-28,-0.011256103833200332,92088.33667839014,-0.1172727046939307,2.0,0.5
2022-03-01,-0.0037294828918691125,91744.8948022074,-0.12056482103996058,2.0,0.5
2022-03-02,0.008707528299638556,92543.76607004498,-0.11290711433146838,3.0,0.5
2022-03-03,-0.01157832698745076,91472.26408583584,-0.12317816582998009,3.0,0.75
2022-03-04,-0.013414683248013815,90245.1926371457,-0.1349404530003132,2.0,0.5
2022-03-07,-0.01152400570936199,89205.20652195276,-0.14490940415887565,5.0,0.5
2022-03-08,0.0057166933577802006,89715.1653335562,-0.14002111342933055,15.0,1.0
2022-03-09,0.02573943626991404,92024.38311410409,-0.11788574168497301,16.0,1.0
2022-03-10,-0.007737231449202956,91312.36916298013,-0.12471086386619845,14.0,0.9999999999999999
2022-03-11,-0.0020783434294002015,91122.5907005073,-0.1265300152911074,9.0,0.9999999999999999
2022-03-14,-0.006105109190768423,90566.277334535,-0.13186264492261401,6.0,1.0
2022-03-15,0.01272922647613975,91719.11598982719,-0.120811927917437,5.0,1.0
2022-03-16,0.00840073125261026,92489.62363398471,-0.11342610520337082,3.0,0.75
2022-03-17,0.00370804846903966,92832.57964130276,-0.11013864623007974,1.0,0.25
2022-03-18,-0.0007598883616876384,92762.03724444789,-0.11081484151632515,2.0,0.25
2022-03-21,0.0034183854499516553,93079.1336428722,-0.10777526390825143,1.0,0.25
2022-03-22,0.0028016623241975402,93339.90994476837,-0.10527555148042622,1.0,0.25
2022-03-23,0.00012025348218092091,93351.13439396568,-0.10516795774989929,1.0,0.25
2022-03-24,-0.0009289317922381024,93264.41755738563,-0.10599919568265881,1.0,0.25
2022-03-25,0.0016623247805968577,93419.45330983921,-0.10451307599176851,1.0,0.25
2022-03-28,0.00027919689557753813,93445.53573118988,-0.10426305882255493,2.0,0.25
2022-03-29,0.0036006731346756027,93782.00256125254,-0.10103780288272102,1.0,0.25
2022-03-30,0.00036523058721010804,93816.25461711774,-0.10070947439158795,1.0,0.25
2022-03-31,-0.002262405847540172,93604.00417407765,-0.10274403453536196,1.0,0.25
2022-04-01,-0.005662881496713235,93073.935790822,-0.10782508874000729,1.0,0.25
2022-04-04,-0.0027305735299424927,92819.790565424,-0.11026123793677267,1.0,0.25
2022-04-05,0.0003995107674520382,92856.87307118754,-0.10990577772110888,1.0,0.25
2022-04-06,-0.0028689780285471866,92590.46874254671,-0.11245943848816375,1.0,0.25
2022-04-07,0.0,92590.46874254671,-0.11245943848816375,0.0,0.0
2022-04-08,0.0,92590.46874254671,-0.11245943848816375,0.0,0.0
2022-04-11,0.0,92590.46874254671,-0.11245943848816375,0.0,0.0
2022-04-12,0.0,92590.46874254671,-0.11245943848816375,0.0,0.0
2022-04-13,0.0,92590.46874254671,-0.11245943848816375,0.0,0.0
2022-04-14,0.0,92590.46874254671,-0.11245943848816375,0.0,0.0
2022-04-18,-0.002008741763949884,92404.47840103987,-0.11424227828127198,1.0,0.25
2022-04-19,0.00011070088508313702,92414.7076585845,-0.11414422411750857,2.0,0.25
2022-04-20,-0.0011545867474523352,92308.00686185223,-0.11516702145649649,2.0,0.5
2022-04-21,0.0005407129957182288,92357.91900077129,-0.11468858076595789,2.0,0.5
2022-04-22,0.0032343142820651094,92656.63353725731,-0.11182520539865382,1.0,0.25
2022-04-25,0.0004207485503309183,92695.61868149665,-0.11145150714138485,2.0,0.25
2022-04-26,0.009735150099027534,93598.02444288324,-0.10280135419314163,2.0,0.25
2022-04-27,-0.003892034311758691,93233.73772023871,-0.10629328210708522,2.0,0.5
2022-04-28,0.00764425020613857,93946.4397390257,-0.09946156434460507,4.0,0.75
2022-04-29,-0.01727390921923097,92323.61746750382,-0.11501738353054458,7.0,1.0
2022-05-02,0.0003462801180099134,92355.58730065556,-0.11471093164567692,8.0,1.0000000000000002
2022-05-03,0.001283037773518618,92474.0830077578,-0.11357507233049524,7.0,1.0000000000000002
2022-05-04,-0.00019156168054505545,92456.36851700998,-0.1137448773793166,10.0,1.0
2022-05-05,-0.010041482677828622,91527.96949409148,-0.12264419284124906,13.0,0.9999999999999999
2022-05-06,-0.012714441685704462,90364.24246334791,-0.13379928208898328,10.0,1.0
2022-05-09,0.003832637392577191,90710.57583796485,-0.1304794488280403,12.0,1.0
2022-05-10,0.00044579778182157325,90751.01441146116,-0.13009181849507967,15.0,1.0
2022-05-11,-0.045437405958484285,86627.52372850334,-0.16961818968472564,14.0,1.0
2022-05-12,-0.012397753072755988,85553.53708001305,-0.1799130583251224,12.0,1.0
2022-05-13,0.014775610572681234,86817.64282702276,-0.16779577303919324,9.0,1.0
2022-05-16,-0.019824891327149652,85096.49249269774,-0.18429413140068585,9.0,1.0
2022-05-17,0.010998600787642088,86032.43484205351,-0.17532250819182515,8.0,1.0
2022-05-18,-0.015651794341356346,84685.87286521954,-0.18823019069155233,9.0,1.0
2022-05-19,0.007301071217671921,85304.17045413922,-0.1823034015014353,9.0,1.0
2022-05-20,0.005482676412101009,85771.86561734197,-0.17782023564859206,10.0,0.9999999999999999
2022-05-23,-0.005303925361578964,85316.93804398422,-0.18218101575251244,12.0,1.0
2022-05-24,-0.002086386721453809,85138.93391733414,-0.1838873024217994,10.0,1.0
2022-05-25,0.027769453243716852,87503.19556197146,-0.16122429902479785,9.0,1.0
2022-05-26,0.032996977940988687,90390.53657569585,-0.13354723572228178,9.0,1.0
2022-05-27,0.00625682945239764,90956.09474716069,-0.12812598854763757,9.0,0.9999999999999999
2022-05-31,0.008033098684228749,91686.7540321967,-0.12112213857342635,8.0,0.9999999999999999
2022-06-01,0.013592066131961024,92932.96645642715,-0.10917637255899992,8.0,1.0
2022-06-02,0.002568317102329132,93171.64778354738,-0.10688845500148425,3.0,0.75
2022-06-03,-0.0067973002303604035,92538.33212060522,-0.11295920231204015,3.0,0.75
2022-06-06,-0.00474617364593144,92099.12912745595,-0.11716925196889283,3.0,0.75
2022-06-07,0.002216348961989578,92303.25293669773,-0.11521259095688163,1.0,0.25
2022-06-08,0.002803465029492691,92562.02187841418,-0.1127321203970938,1.0,0.25
2022-06-09,-0.0028884984999980046,92294.6566170616,-0.11529499233642315,1.0,0.25
2022-06-10,0.0012501684339805696,92410.04048338933,-0.11418896206245754,1.0,0.25
2022-06-13,0.002051469137772266,92599.61682946127,-0.11237174805623085,1.0,0.25
2022-06-14,-0.0010415377741330167,92503.17083066313,-0.11329624641001801,4.0,0.25
2022-06-15,0.0341615015010282,95663.2180398447,-0.08300511480078654,4.0,1.0
2022-06-16,-0.01194287301663996,94520.72437443168,-0.09395666827162918,4.0,1.0
2022-06-17,0.013027079699350783,95752.05338409777,-0.08215356957813835,8.0,1.0
2022-06-21,0.01605340556000262,97289.19993027572,-0.06741900858877548,8.0,1.0000000000000002
2022-06-22,0.007802902624791382,98048.33808377552,-0.060142169923062205,8.0,1.0
2022-06-23,0.010534735576553402,99081.25139920862,-0.0502410162036484,5.0,1.0
2022-06-24,0.018215484897574234,100886.06443770365,-0.03294069577797054,6.0,0.9999999999999999
2022-06-27,-0.0005222099238283931,100833.38073367829,-0.03344570374356581,6.0,1.0
2022-06-28,-0.011254260331182903,99698.5756168282,-0.04432355741785898,3.0,0.75
2022-06-29,-0.007572543835555334,98943.60378262732,-0.05156045917191998,3.0,0.75
2022-06-30,-0.00407862582689103,98540.04984483382,-0.05542878917838612,3.0,0.75
2022-07-01,-0.00638576474440658,97910.79626862261,-0.06146059871503229,3.0,0.75
2022-07-05,0.004669727416034247,98368.01299828394,-0.05707787554182342,3.0,0.75
2022-07-06,-0.002519864211630557,98120.13896276036,-0.059453911257600245,3.0,0.75
2022-07-07,0.01159956407713647,99258.28980191643,-0.048543986633732716,3.0,0.75
2022-07-08,-0.0054193356544747495,98720.37581299072,-0.053700246130632956,3.0,0.75
2022-07-11,-0.006066677450621255,98121.47113512919,-0.05944114150896063,2.0,0.5
2022-07-12,0.0006484542049586817,98185.0984156835,-0.05883123216216091,1.0,0.25
2022-07-13,-0.007533699771860719,97445.40136214915,-0.06592171509370337,1.0,0.25
2022-07-14,-0.0042533980945650696,97030.92727767126,-0.06989472189089829,1.0,0.25
2022-07-15,-0.0008247491929620487,96950.90109870664,-0.0706618254683885,1.0,0.25
2022-07-18,0.0064102895688468164,97572.38444870999,-0.06470449866225736,1.0,0.25
2022-07-19,-0.0044229829245436,97140.82345838635,-0.06884129469407652,1.0,0.25
2022-07-20,0.011361984679951975,98244.53600631845,-0.05826148374978679,1.0,0.25
2022-07-21,0.0034555246818413488,98584.02242534433,-0.05500728306304348,1.0,0.25
2022-07-22,-0.007645384081612305,97830.30970959229,-0.062232115338352934,1.0,0.25
2022-07-25,0.0006092001031658412,97889.90794436012,-0.061660827046271405,3.0,0.25
2022-07-26,0.003366532200372474,98219.4574715463,-0.058501878005651875,3.0,0.75
2022-07-27,0.0019216305958341118,98408.19898612985,-0.05669266640850723,3.0,0.75
2022-07-28,-0.0007954008543535895,98329.92502058088,-0.05744297386756392,3.0,0.75
2022-07-29,0.004815619551950423,98803.44453005181,-0.05290397782369227,3.0,0.75
2022-08-01,-0.0023992800049996432,98566.38740116576,-0.055176326372514684,3.0,0.5
2022-08-02,0.010858016153423994,99636.62282775228,-0.04491741566212992,4.0,0.75
2022-08-03,0.0004540754075396114,99681.86536786867,-0.04448373614841261,4.0,1.0
2022-08-04,-0.0031150553508101364,99371.35083977575,-0.04746022219890955,3.0,0.75
2022-08-05,0.0011855058610386049,99489.15615861563,-0.04633098070945396,2.0,0.25
2022-08-08,0.0006961155484176973,99558.41210711662,-0.04566711687708147,2.0,0.25
2022-08-09,-0.010021604618835833,98560.67706449996,-0.05523106370649311,2.0,0.5
2022-08-10,0.0090622009667925,99453.8537274816,-0.046669377738618456,2.0,0.5
2022-08-11,-0.002707227509652965,99184.60951872956,-0.049250260624999154,2.0,0.5
2022-08-12,0.00676864123318649,99855.95455641553,-0.042814976736624266,2.0,0.5
2022-08-15,0.004565987002903005,100311.89554708257,-0.038444482361030485,1.0,0.25
2022-08-16,0.0031116653465168564,100624.03259629983,-0.03545244337804132,1.0,0.25
2022-08-17,-0.0011252713757463895,100510.80325270705,-0.03653782113405413,2.0,0.25
2022-08-18,-0.003875885491866099,100121.23488860407,-0.04027209021508238,1.0,0.25
2022-08-19,0.002683680875623984,100389.92833191849,-0.03769648677778992,1.0,0.25
2022-08-22,0.0018886047703804976,100579.52522946431,-0.035879075772164426,1.0,0.25
2022-08-23,-0.005039835388678915,100072.62097883633,-0.04073808652505373,1.0,0.25
2022-08-24,0.0027155701447393876,100344.3752006723,-0.0381331435118355,1.0,0.25
2022-08-25,-0.002961162223063224,100047.23922753119,-0.04098138731088474,1.0,0.25
2022-08-26,0.008895596157957264,100937.21906441783,-0.032450345024438,1.0,0.25
2022-08-29,-0.0016154990046231554,100774.15508748984,-0.03401342052897449,1.0,0.25
2022-08-30,0.0018480609735023745,100960.3918706447,-0.032228218430527145,1.0,0.25
2022-08-31,0.0007073334950873922,101031.80453749195,-0.03154368103382277,1.0,0.25
2022-09-01,0.0,101031.80453749195,-0.03154368103382277,0.0,0.0
2022-09-02,0.0,101031.80453749195,-0.03154368103382277,0.0,0.0
2022-09-06,0.0,101031.80453749195,-0.03154368103382277,0.0,0.0
2022-09-07,0.0,101031.80453749195,-0.03154368103382277,0.0,0.0
2022-09-08,0.0,101031.80453749195,-0.03154368103382277,0.0,0.0
2022-09-09,0.0,101031.80453749195,-0.03154368103382277,0.0,0.0
2022-09-12,0.0,101031.80453749195,-0.03154368103382277,0.0,0.0
2022-09-13,0.0,101031.80453749195,-0.03154368103382277,0.0,0.0
2022-09-14,0.0,101031.80453749195,-0.03154368103382277,0.0,0.0
2022-09-15,0.0,101031.80453749195,-0.03154368103382277,0.0,0.0
2022-09-16,0.00032122604228074225,101064.258584208,-0.031232587643359455,1.0,0.25
2022-09-19,-0.0027970204248054242,100781.57978873015,-0.03394224988260697,3.0,0.25
2022-09-20,-0.004513582552809814,100326.69380855112,-0.03830263128854361,3.0,0.75
2022-09-21,-0.008935768594382665,99430.19768883842,-0.04689613643317592,3.0,0.75
2022-09-22,0.009784629097644548,100403.08529432917,-0.03757036863664265,3.0,0.75
2022-09-23,-0.008844002273505236,99515.12017971919,-0.04608209848450884,4.0,0.75
2022-09-26,-0.013516241752395824,98170.04975735137,-0.05897548345333048,3.0,0.75
2022-09-27,-0.003133946221459377,97862.39010085385,-0.0619246036812624,4.0,0.75
2022-09-28,0.0035537377608239606,98210.16737191973,-0.058590929722864726,4.0,1.0
2022-09-29,-0.004728296770385942,97745.80055471603,-0.06304219118946808,4.0,1.0
2022-09-30,-0.006264031348889532,97133.51779581897,-0.0689113242764442,3.0,0.75
2022-10-03,0.008023968763469613,97912.91410849855,-0.06144029782641802,4.0,0.75
2022-10-04,0.0033718177011518025,98243.05860546093,-0.058275645609041415,2.0,0.5
2022-10-05,0.004926175114774001,98727.02111596243,-0.053636546529464146,2.0,0.5
2022-10-06,-0.001376782351054845,98591.09549571775,-0.05493948302988583,2.0,0.5
2022-10-07,-0.0013418265335077562,98458.803347814,-0.056207590307326805,1.0,0.25
2022-10-10,0.0,98458.803347814,-0.056207590307326805,0.0,0.0
2022-10-11,0.008953336936536826,99340.3381885552,-0.04775749886520231,1.0,0.25
2022-10-12,0.00024305260059773182,99364.48311609618,-0.04752605384890185,2.0,0.5
2022-10-13,0.004637278671939915,99825.26391439879,-0.04310916673283682,2.0,0.5
2022-10-14,-0.0022243719097296277,99603.21540146625,-0.04523764782303419,1.0,0.25
2022-10-17,0.0033634049707731983,99938.22135125253,-0.042026395381815074,1.0,0.25
2022-10-18,0.004234330408139253,100361.3928008555,-0.03797001861758553,2.0,0.25
2022-10-19,0.000335074474141106,100395.02134177231,-0.037647666927465795,2.0,0.5
2022-10-20,-0.00740773005763426,99651.32212454203,-0.04477651323120169,3.0,0.5
2022-10-21,0.0018275395659190508,99833.43885852078,-0.04303080451483654,4.0,0.75
2022-10-24,0.0045641939433271606,100289.09803550037,-0.03866301150885243,5.0,1.0
2022-10-25,0.009240808675159789,101215.85040265077,-0.029779480325851426,5.0,1.0
2022-10-26,-0.00127997290426074,101086.29685665367,-0.03102133630219206,4.0,1.0
2022-10-27,0.00018564330915821214,101105.06285131269,-0.030841451896559513,2.0,0.25
2022-10-28,-0.0009089772922107608,101013.1606450533,-0.0317223950093376,3.0,0.25
2022-10-31,0.00035068546845512527,101048.58449261425,-0.0313828341238368,9.0,0.75
2022-11-01,-0.0007638931798804203,100971.39416808376,-0.03212275417076471,9.0,1.0
2022-11-02,0.006177285035082575,101595.12325024969,-0.02614390054430693,10.0,0.9999999999999998
2022-11-03,-0.00881018398338186,100700.05152260064,-0.034723751953850135,9.0,1.0
2022-11-04,0.0038574417332515507,101088.4961038845,-0.03100025507052029,8.0,1.0
2022-11-07,-0.0036535684935557412,100719.16235945844,-0.03454056200885802,8.0,0.9999999999999999
2022-11-08,0.004738946390982141,101196.46507042454,-0.029965301489550233,8.0,1.0
2022-11-09,-0.002143083176879882,100979.59262857241,-0.03204416653291764,9.0,1.0
2022-11-10,-0.01024057280403428,99945.5037585378,-0.041956588716626886,9.0,0.9999999999999999
2022-11-11,0.008110698015122465,100756.13155749258,-0.03418618792232975,10.0,1.0
2022-11-14,-0.0058430306706803705,100167.41039054304,-0.0398294676484664,8.0,1.0
2022-11-15,0.0015210286443273963,100319.76789097517,-0.03836902076532045,8.0,1.0
2022-11-16,-0.017429100901648762,98571.28453397338,-0.05512938413255308,7.0,0.9999999999999999
2022-11-17,0.0066395793738858,99225.75640162258,-0.04885584068044868,7.0,0.9999999999999999
2022-11-18,-0.007197057272201212,98511.62294992262,-0.05570127966919114,6.0,0.9999999999999999
2022-11-21,-0.010762404580759376,97451.40100782833,-0.06586420454248465,6.0,1.0
2022-11-22,0.004053432889699594,97846.41372182076,-0.06207774778573161,6.0,1.0
2022-11-23,0.0005197369592932291,97897.26811936629,-0.061590274926312305,5.0,1.0
2022-11-25,-0.009882118281745844,96929.83573635093,-0.07086375082623098,4.0,1.0
2022-11-28,0.01386283017309764,98273.55758787021,-0.05798329279626613,4.0,1.0
2022-11-29,0.0058387253434067365,98847.34989914524,-0.052483115974003236,4.0,1.0
2022-11-30,-0.012589617456046115,97602.89957737106,-0.06441199107703532,4.0,1.0
2022-12-01,-0.011891242102887195,96442.27986855277,-0.07553729459969638,5.0,1.0
2022-12-02,0.008478582706360212,97259.97371480822,-0.06769916109301444,5.0,1.0
2022-12-05,0.006217752274261773,97864.7121375681,-0.061902345431604444,4.0,1.0
2022-12-06,-0.009342251361175224,96950.43539738988,-0.07066628952191134,3.0,0.75
2022-12-07,-0.00173862421803192,96781.87502245924,-0.07228205161758205,3.0,0.75
2022-12-08,0.003797963090411971,97149.44901161539,-0.06875861309131304,3.0,0.75
2022-12-09,0.00040441925234996345,97188.73811915089,-0.06838200114586201,4.0,0.75
2022-12-12,0.004618171442814956,97637.57237409597,-0.06407962950794144,4.0,1.0
2022-12-13,-0.011099960840529749,96553.7991441791,-0.07446830897025758,4.0,1.0
2022-12-14,-0.0024464637937483547,96317.58377042401,-0.07673258874232858,1.0,0.25
2022-12-15,0.00041777173404744516,96357.82253441504,-0.07634687371493787,2.0,0.25
2022-12-16,-0.0023410065986310125,96132.24823603226,-0.07850915177841744,2.0,0.5
2022-12-19,0.002503658099857864,96372.93051798595,-0.07620205375232247,1.0,0.25
2022-12-20,-0.0006808564952195673,96307.31438227942,-0.07683102758429583,1.0,0.25
2022-12-21,0.0013937221621255769,96441.54002070881,-0.07554438652805329,1.0,0.25
2022-12-22,0.0019152862342430854,96626.25317471968,-0.07377378941740176,1.0,0.25
2022-12-23,0.0012790230330392838,96749.84037812644,-0.07258912476026191,1.0,0.25
2022-12-27,0.0,96749.84037812644,-0.07258912476026191,0.0,0.0
2022-12-28,0.0,96749.84037812644,-0.07258912476026191,0.0,0.0
2022-12-29,0.0,96749.84037812644,-0.07258912476026191,0.0,0.0
2022-12-30,0.0,96749.84037812644,-0.07258912476026191,0.0,0.0
2023-01-03,0.0,96749.84037812644,-0.07258912476026191,0.0,0.0
2023-01-04,0.0,96749.84037812644,-0.07258912476026191,0.0,0.0
2023-01-05,0.0,96749.84037812644,-0.07258912476026191,0.0,0.0
2023-01-06,0.0,96749.84037812644,-0.07258912476026191,0.0,0.0
2023-01-09,0.0,96749.84037812644,-0.07258912476026191,0.0,0.0
2023-01-10,0.0,96749.84037812644,-0.07258912476026191,0.0,0.0
2023-01-11,0.0,96749.84037812644,-0.07258912476026191,0.0,0.0
2023-01-12,0.0,96749.84037812644,-0.07258912476026191,0.0,0.0
2023-01-13,0.0,96749.84037812644,-0.07258912476026191,0.0,0.0
2023-01-17,0.0,96749.84037812644,-0.07258912476026191,0.0,0.0
2023-01-18,0.0,96749.84037812644,-0.07258912476026191,0.0,0.0
2023-01-19,0.0,96749.84037812644,-0.07258912476026191,0.0,0.0
2023-01-20,0.007831540568694006,97507.54067806239,-0.06532606886697401,2.0,0.5
2023-01-23,0.0030334585565868766,97803.32576166399,-0.0624907742329599,2.0,0.5
2023-01-24,-0.005251426129162794,97289.71882124017,-0.06741403467748408,2.0,0.5
2023-01-25,0.0,97289.71882124017,-0.06741403467748408,0.0,0.0
2023-01-26,0.0,97289.71882124017,-0.06741403467748408,0.0,0.0
2023-01-27,0.0,97289.71882124017,-0.06741403467748408,0.0,0.0
2023-01-30,0.0,97289.71882124017,-0.06741403467748408,0.0,0.0
2023-01-31,0.0,97289.71882124017,-0.06741403467748408,0.0,0.0
2023-02-01,0.0,97289.71882124017,-0.06741403467748408,0.0,0.0
2023-02-02,0.0,97289.71882124017,-0.06741403467748408,0.0,0.0
2023-02-03,0.0,97289.71882124017,-0.06741403467748408,0.0,0.0
2023-02-06,0.0,97289.71882124017,-0.06741403467748408,0.0,0.0
2023-02-07,0.0,97289.71882124017,-0.06741403467748408,0.0,0.0
2023-02-08,0.0,97289.71882124017,-0.06741403467748408,0.0,0.0
2023-02-09,0.0,97289.71882124017,-0.06741403467748408,0.0,0.0
2023-02-10,0.0,97289.71882124017,-0.06741403467748408,0.0,0.0
2023-02-13,0.0,97289.71882124017,-0.06741403467748408,0.0,0.0
2023-02-14,0.0,97289.71882124017,-0.06741403467748408,0.0,0.0
2023-02-15,0.0,97289.71882124017,-0.06741403467748408,0.0,0.0
2023-02-16,-0.006225191158416465,96684.07172382936,-0.07321956058327317,1.0,0.25
2023-02-17,0.006228019604094637,97286.22201792906,-0.06744755383789436,2.0,0.25
2023-02-21,0.004272707474035298,97701.89758586572,-0.06346303003124754,2.0,0.5
2023-02-22,0.002764078584614027,97971.95330865895,-0.060874368248857835,3.0,0.5
2023-02-23,0.002068571422010723,98174.61529143182,-0.05893171980533951,3.0,0.75
2023-02-24,-4.859616380423204e-05,98169.8443817457,-0.05897745211363481,3.0,0.75
2023-02-27,0.0018560279705031602,98352.05035877816,-0.057230887943883646,2.0,0.5
2023-02-28,-0.001240140785828625,98230.07996975836,-0.058400054371363974,1.0,0.25
2023-03-01,0.00257231388424517,98482.75856831507,-0.05597796375781905,1.0,0.25
2023-03-02,0.00012327363702058225,98494.89889614758,-0.05586159072798402,1.0,0.25
2023-03-03,0.009215864300702148,99402.61451868585,-0.04716053926705244,2.0,0.5
2023-03-06,0.0029757231961762276,99698.40918446967,-0.044325152781517385,2.0,0.5
2023-03-07,-0.001540372999759232,99544.83644684298,-0.0457972485127216,1.0,0.25
2023-03-08,-0.0028488803170764188,99261.24512162298,-0.048515657949933844,1.0,0.25
2023-03-09,0.0013628114528582147,99396.51948329968,-0.04721896419137295,1.0,0.25
2023-03-10,-0.000532777040946536,99343.56329976898,-0.04772658405230101,1.0,0.25
2023-03-13,-0.0007981039448459737,99264.27681000439,-0.04848659722214066,1.0,0.25
2023-03-14,-0.006773224408340911,98591.93758743856,-0.054931411026699184,7.0,0.25
2023-03-15,0.009826995463407512,99560.80011083889,-0.04564422629024956,8.0,1.0
2023-03-16,0.001469472788149252,99707.10199736813,-0.044241826450569954,8.0,1.0
2023-03-17,-0.0023951882334448567,99468.28471987315,-0.046531047181874285,6.0,1.0
2023-03-20,0.004667876572985757,99932.59039587212,-0.042080371793945304,4.0,1.0
2023-03-21,0.012028081540900848,101134.5877417471,-0.030558436396253552,4.0,1.0
2023-03-22,-0.004438164086661117,100685.73584651241,-0.034860977127956216,4.0,1.0
2023-03-23,-0.0031390739698822223,100369.67587397818,-0.03789061991197151,2.0,0.5
2023-03-24,0.0027894068440215136,100649.64773479328,-0.035206905422456636,1.0,0.25
2023-03-27,0.0038634413029139947,101038.50174097561,-0.03147948393209965,1.0,0.25
2023-03-28,0.0012034612371680242,101160.09766128242,-0.03031390703360992,1.0,0.25
2023-03-29,-0.0012825275160717187,101030.35705250331,-0.031557556129791386,1.0,0.25
2023-03-30,-0.0002623612368512773,101003.85060306749,-0.03181163788718455,1.0,0.25
2023-03-31,-0.0005489351688187927,100948.40603728534,-0.03234311052918937,1.0,0.25
2023-04-03,0.0005311847603209352,101002.02829215104,-0.031829105936282964,1.0,0.25
2023-04-04,-0.001182990938146944,100882.54380794696,-0.032974443330537895,1.0,0.25
2023-04-05,0.008249953859091386,101714.82013955031,-0.024996527107452482,1.0,0.25
2023-04-06,0.0005372000772895236,101769.46134879075,-0.024472755166457194,1.0,0.25
2023-04-10,0.000162760873882839,101786.02543525446,-0.024313977499591632,1.0,0.25
2023-04-11,9.713858571802625e-05,101795.9127858111,-0.024219200739261093,1.0,0.25
2023-04-12,0.0,101795.9127858111,-0.024219200739261093,0.0,0.0
2023-04-13,0.0,101795.9127858111,-0.024219200739261093,0.0,0.0
2023-04-14,0.0,101795.9127858111,-0.024219200739261093,0.0,0.0
2023-04-17,0.0,101795.9127858111,-0.024219200739261093,0.0,0.0
2023-04-18,0.0,101795.9127858111,-0.024219200739261093,0.0,0.0
2023-04-19,0.0,101795.9127858111,-0.024219200739261093,0.0,0.0
2023-04-20,0.0,101795.9127858111,-0.024219200739261093,0.0,0.0
2023-04-21,-0.0018040772214438505,101612.26509831814,-0.025979584652329635,1.0,0.25
2023-04-24,0.0027600256026132364,101892.71755152901,-0.02329126336850218,1.0,0.25
2023-04-25,-8.265216161909561e-05,101884.29589817014,-0.023371990456857006,1.0,0.25
2023-04-26,0.0,101884.29589817014,-0.023371990456857006,0.0,0.0
2023-04-27,0.0,101884.29589817014,-0.023371990456857006,0.0,0.0
2023-04-28,0.0,101884.29589817014,-0.023371990456857006,0.0,0.0
2023-05-01,0.0,101884.29589817014,-0.023371990456857006,0.0,0.0
2023-05-02,0.0,101884.29589817014,-0.023371990456857006,0.0,0.0
2023-05-03,0.0,101884.29589817014,-0.023371990456857006,0.0,0.0
2023-05-04,-0.003721210591628027,101505.1629771533,-0.02700622895004945,1.0,0.25
2023-05-05,0.0013824714857534337,101645.49097062598,-0.025661092805757235,1.0,0.25
2023-05-08,0.002210012538315098,101870.12878013426,-0.02350779160428973,2.0,0.25
2023-05-09,-0.0037817932260285902,101484.8770171789,-0.027200683223270183,2.0,0.5
2023-05-10,-0.0055023284096887,100926.47389521352,-0.03255334454089642,2.0,0.5
2023-05-11,-0.00022495422009197186,100903.77005899178,-0.03277097574875587,2.0,0.5
2023-05-12,-0.005471773898824583,100351.64744368999,-0.038063434277839425,2.0,0.5
2023-05-15,-0.00016929977410934383,100334.65793244627,-0.03822628992112376,2.0,0.5
2023-05-16,-0.009062556708104297,99425.36940514522,-0.04694241870907756,3.0,0.5
2023-05-17,-0.0005723098717133612,99368.4672847359,-0.04748786297116159,3.0,0.75
2023-05-18,0.001844541774183056,99551.75657367914,-0.04573091454399547,2.0,0.5
2023-05-19,-0.0003188774315011911,99520.0117652415,-0.04603520941892658,1.0,0.25
2023-05-22,0.0,99520.0117652415,-0.04603520941892658,0.0,0.0
2023-05-23,0.0,99520.0117652415,-0.04603520941892658,0.0,0.0
2023-05-24,0.0,99520.0117652415,-0.04603520941892658,0.0,0.0
2023-05-25,0.0,99520.0117652415,-0.04603520941892658,0.0,0.0
2023-05-26,0.0,99520.0117652415,-0.04603520941892658,0.0,0.0
2023-05-30,0.0,99520.0117652415,-0.04603520941892658,0.0,0.0
2023-05-31,0.0,99520.0117652415,-0.04603520941892658,0.0,0.0
2023-06-01,0.0,99520.0117652415,-0.04603520941892658,0.0,0.0
2023-06-02,0.002117589740850634,99730.75432116489,-0.04401510336525971,1.0,0.25
2023-06-05,-0.005938306192060955,99138.52256524062,-0.0496920343964623,1.0,0.25
2023-06-06,-0.002549729047086974,98885.74619457073,-0.05211506222003992,1.0,0.25
2023-06-07,-2.9324050479950792e-05,98882.84646395757,-0.05214285804580465,1.0,0.25
2023-06-08,0.0,98882.84646395757,-0.05214285804580465,0.0,0.0
2023-06-09,0.0,98882.84646395757,-0.05214285804580465,0.0,0.0
2023-06-12,0.0,98882.84646395757,-0.05214285804580465,0.0,0.0
2023-06-13,0.0,98882.84646395757,-0.05214285804580465,0.0,0.0
2023-06-14,0.0,98882.84646395757,-0.05214285804580465,0.0,0.0
2023-06-15,0.0,98882.84646395757,-0.05214285804580465,0.0,0.0
2023-06-16,0.0,98882.84646395757,-0.05214285804580465,0.0,0.0
2023-06-20,0.0,98882.84646395757,-0.05214285804580465,0.0,0.0
2023-06-21,0.0,98882.84646395757,-0.05214285804580465,0.0,0.0
2023-06-22,0.0,98882.84646395757,-0.05214285804580465,0.0,0.0
2023-06-23,0.0,98882.84646395757,-0.05214285804580465,0.0,0.0
2023-06-26,0.0,98882.84646395757,-0.05214285804580465,0.0,0.0
2023-06-27,0.0,98882.84646395757,-0.05214285804580465,0.0,0.0
2023-06-28,0.0,98882.84646395757,-0.05214285804580465,0.0,0.0
2023-06-29,0.0,98882.84646395757,-0.05214285804580465,0.0,0.0
2023-06-30,0.0,98882.84646395757,-0.05214285804580465,0.0,0.0
2023-07-03,0.0,98882.84646395757,-0.05214285804580465,0.0,0.0
2023-07-05,0.0,98882.84646395757,-0.05214285804580465,0.0,0.0
2023-07-06,0.0,98882.84646395757,-0.05214285804580465,0.0,0.0
2023-07-07,0.0,98882.84646395757,-0.05214285804580465,0.0,0.0
2023-07-10,0.0,98882.84646395757,-0.05214285804580465,0.0,0.0
2023-07-11,0.0,98882.84646395757,-0.05214285804580465,0.0,0.0
2023-07-12,0.0,98882.84646395757,-0.05214285804580465,0.0,0.0
2023-07-13,0.0,98882.84646395757,-0.05214285804580465,0.0,0.0
2023-07-14,0.0025833966871601777,99138.30008192953,-0.04969416704537899,1.0,0.25
2023-07-17,-0.0008715341250629116,99051.8976703074,-0.05052239100804523,1.0,0.25
2023-07-18,0.0014774719512831713,99198.24407083663,-0.04911956447238841,1.0,0.25
2023-07-19,0.0,99198.24407083663,-0.04911956447238841,0.0,0.0
2023-07-20,0.0,99198.24407083663,-0.04911956447238841,0.0,0.0
2023-07-21,0.0,99198.24407083663,-0.04911956447238841,0.0,0.0
2023-07-24,0.0,99198.24407083663,-0.04911956447238841,0.0,0.0
2023-07-25,0.0,99198.24407083663,-0.04911956447238841,0.0,0.0
2023-07-26,-0.00044122156976048044,99154.47566587022,-0.0495391134308063,1.0,0.25
2023-07-27,-0.00044306699626434076,99110.54359017078,-0.04996023128088534,1.0,0.25
2023-07-28,0.0029870133787504582,99406.58810984985,-0.04712244978137636,2.0,0.25
2023-07-31,0.0011222463474660493,99518.14679027018,-0.04605308643106121,2.0,0.5
2023-08-01,-0.0013860194760647593,99380.21270059701,-0.0473752754323995,1.0,0.25
2023-08-02,-0.0005235360865702698,99328.1835729572,-0.04787400885266979,2.0,0.25
2023-08-03,-0.0018088299998375852,99148.51577468107,-0.049596242909082155,2.0,0.5
2023-08-04,0.0012739601378156662,99274.82703150161,-0.0483854664077179,2.0,0.5
2023-08-07,-0.000582964428413324,99216.95333870537,-0.04894022383036334,4.0,0.5
2023-08-08,0.003514109614009414,99565.61258830562,-0.045598095527428106,2.0,0.5
2023-08-09,0.0019269268446528987,99757.46824000635,-0.043759032877112025,2.0,0.25
2023-08-10,-0.001373938333013858,99620.40763038698,-0.04507284899744046,2.0,0.5
2023-08-11,-0.0002698483798341811,99593.5252247895,-0.0453305345419982,3.0,0.5
2023-08-14,0.001978727625864929,99790.59368450906,-0.04344150369712674,2.0,0.5
2023-08-15,-0.0049577780923194805,99295.85406532044,-0.04818390845411924,2.0,0.5
2023-08-16,0.002475849333944846,99541.69563947157,-0.045827355217827215,2.0,0.5
2023-08-17,0.004173375820798186,99957.1205452146,-0.041845234173226165,2.0,0.25
2023-08-18,0.0023394557962077567,100190.96581024633,-0.0396036734526487,2.0,0.5
2023-08-21,0.003762517030909074,100567.9360254506,-0.035990165917591854,3.0,0.25
2023-08-22,-0.0013483535311313304,100432.33489379208,-0.037289991981422355,3.0,0.75
2023-08-23,0.006044116239238173,101039.35960006827,-0.03147126078828,3.0,0.75
2023-08-24,-0.011499516903859586,99877.45577639213,-0.04260887339671904,3.0,0.75
2023-08-25,0.002348839237584527,100112.05186346982,-0.04036011555283814,4.0,0.75
2023-08-28,0.002658035966675326,100378.1532980206,-0.037809358224921374,4.0,1.0
2023-08-29,-0.0031776491140678986,100059.18674812137,-0.04086686246532234,3.0,0.75
2023-08-30,0.00014267266259276878,100073.4624587116,-0.040730020386809285,2.0,0.5
2023-08-31,-0.00068155069963316,100005.25732035817,-0.04138381151255155,2.0,0.5
2023-09-01,-0.00047248841014926874,99958.0059953203,-0.041836746551393356,2.0,0.5
2023-09-05,-0.0034304458522639303,99615.10546825307,-0.04512367370997805,1.0,0.25
2023-09-06,0.0,99615.10546825307,-0.04512367370997805,0.0,0.0
2023-09-07,0.0,99615.10546825307,-0.04512367370997805,0.0,0.0
2023-09-08,0.0,99615.10546825307,-0.04512367370997805,0.0,0.0
2023-09-11,0.0,99615.10546825307,-0.04512367370997805,0.0,0.0
2023-09-12,-0.0020706722895192375,99408.83522974243,-0.04710090965874458,1.0,0.25
2023-09-13,-0.000243667260602487,99384.6125511823,-0.047333099969718795,1.0,0.25
2023-09-14,-0.003015814733335509,99084.88697238361,-0.05020616684279111,1.0,0.25
2023-09-15,0.00048496540328041293,99132.93971455315,-0.0497455496934609,1.0,0.25
2023-09-18,0.00017076685868139263,99149.86833526008,-0.04958327772603388,1.0,0.25
2023-09-19,0.0,99149.86833526008,-0.04958327772603388,0.0,0.0
2023-09-20,0.0,99149.86833526008,-0.04958327772603388,0.0,0.0
2023-09-21,0.0,99149.86833526008,-0.04958327772603388,0.0,0.0
2023-09-22,0.0,99149.86833526008,-0.04958327772603388,0.0,0.0
2023-09-25,0.0,99149.86833526008,-0.04958327772603388,0.0,0.0
2023-09-26,0.0,99149.86833526008,-0.04958327772603388,0.0,0.0
2023-09-27,0.0,99149.86833526008,-0.04958327772603388,0.0,0.0
2023-09-28,0.0,99149.86833526008,-0.04958327772603388,0.0,0.0
2023-09-29,0.0,99149.86833526008,-0.04958327772603388,0.0,0.0
2023-10-02,0.0,99149.86833526008,-0.04958327772603388,0.0,0.0
2023-10-03,0.0,99149.86833526008,-0.04958327772603388,0.0,0.0
2023-10-04,0.0,99149.86833526008,-0.04958327772603388,0.0,0.0
2023-10-05,0.0,99149.86833526008,-0.04958327772603388,0.0,0.0
2023-10-06,0.0,99149.86833526008,-0.04958327772603388,0.0,0.0
2023-10-09,0.0,99149.86833526008,-0.04958327772603388,0.0,0.0
2023-10-10,0.0,99149.86833526008,-0.04958327772603388,0.0,0.0
2023-10-11,0.0,99149.86833526008,-0.04958327772603388,0.0,0.0
2023-10-12,0.0,99149.86833526008,-0.04958327772603388,0.0,0.0
2023-10-13,0.0,99149.86833526008,-0.04958327772603388,0.0,0.0
2023-10-16,0.0,99149.86833526008,-0.04958327772603388,0.0,0.0
2023-10-17,0.0,99149.86833526008,-0.04958327772603388,0.0,0.0
2023-10-18,0.0,99149.86833526008,-0.04958327772603388,0.0,0.0
2023-10-19,0.0,99149.86833526008,-0.04958327772603388,0.0,0.0
2023-10-20,-0.0023384825410560084,98918.00809921007,-0.05180581063779921,3.0,0.25
2023-10-23,0.0009836245205279703,99015.30627749824,-0.05087314358292039,4.0,0.75
2023-10-24,0.0017896147102273718,99192.50552615013,-0.0491745721988045,4.0,1.0
2023-10-25,8.656576722582132e-05,99201.09220149403,-0.04909226326614924,4.0,1.0
2023-10-26,0.009193703908275508,100113.1176705721,-0.04034989909052977,5.0,1.0
2023-10-27,-0.0009386559412278561,100019.14589787577,-0.04125068035924839,7.0,1.0
2023-10-30,-0.002366783772568322,99782.42220641855,-0.043519832690934956,8.0,1.0
2023-10-31,-0.0012262196002470306,99660.06704454891,-0.04469268741933696,7.0,0.9999999999999999
2023-11-01,-0.007484698416984152,98914.14149850403,-0.05184287454954284,6.0,1.0
2023-11-02,0.02190001633183347,101080.36281277055,-0.0310782180170337,7.0,1.0
2023-11-03,-0.00020446895590428218,101059.6950165238,-0.03127633244214867,8.0,1.0
2023-11-06,-0.0022577357157759327,100831.52893365956,-0.033463454465111564,8.0,1.0
2023-11-07,-0.002046454859544279,100625.181761278,-0.035441427875648523,6.0,0.9999999999999999
2023-11-08,-0.0023561257331463914,100388.09618112772,-0.03771404914855758,4.0,0.75
2023-11-09,0.005542156296458434,100944.46270046743,-0.0323809100070529,4.0,1.0
2023-11-10,0.00023880622310201716,100968.56886634798,-0.03214983654677028,3.0,0.75
2023-11-13,-0.0011466087721109242,100852.79741957833,-0.033259582034274815,1.0,0.25
2023-11-14,-0.00032797463308575914,100819.72026034897,-0.03357664836814633,1.0,0.25
2023-11-15,0.001981243310569536,101019.46865668827,-0.03166192856754757,1.0,0.25
2023-11-16,-0.0005393381034361766,100964.98500805284,-0.032184190186479,1.0,0.25
2023-11-17,0.0036263568852452077,101331.12007660547,-0.028674544660912682,1.0,0.25
2023-11-20,0.0006576185868513718,101397.75730459433,-0.028035782987599678,1.0,0.25
2023-11-21,0.0,101397.75730459433,-0.028035782987599678,0.0,0.0
2023-11-22,0.0,101397.75730459433,-0.028035782987599678,0.0,0.0
2023-11-24,0.0,101397.75730459433,-0.028035782987599678,0.0,0.0
2023-11-27,0.0,101397.75730459433,-0.028035782987599678,0.0,0.0
2023-11-28,0.0,101397.75730459433,-0.028035782987599678,0.0,0.0
2023-11-29,0.0,101397.75730459433,-0.028035782987599678,0.0,0.0
2023-11-30,-0.005358829646947338,100854.38399661651,-0.033244373649497505,2.0,0.5
2023-12-01,0.00311869887170127,101168.9184501929,-0.030229353968387218,2.0,0.5
2023-12-04,0.002536138936600207,101425.49688344816,-0.027769880873414587,2.0,0.5
2023-12-05,-0.0023333873234668567,101188.83191474399,-0.030038470308877296,2.0,0.5
2023-12-06,-0.001235841516228714,101063.77855528505,-0.03123718903641426,3.0,0.5
2023-12-07,-0.001275631619433809,100934.85840378047,-0.032472973509811154,3.0,0.25
2023-12-08,-0.0024272169621692426,100689.86760338867,-0.034821371519865196,3.0,0.75
2023-12-11,0.0036478913772683974,101057.17330319737,-0.03130050472350876,3.0,0.75
2023-12-12,0.005231402107352068,101585.84401257875,-0.026232848142528575,3.0,0.75
2023-12-13,-0.017452175050859886,99812.95008018188,-0.0432272029355224,4.0,0.75
2023-12-14,0.01432617708196221,101242.88807810363,-0.029520306417572306,4.0,1.0
2023-12-15,0.017985885692486436,103063.83109025359,-0.012065369581919616,5.0,1.0
2023-12-18,-0.005712586103184948,102475.07008102641,-0.017709031222501004,5.0,1.0
2023-12-19,-0.026441602751059695,99765.4649860569,-0.04368237880486925,3.0,0.75
2023-12-20,0.012761259894869313,101038.59801327645,-0.03147856109875513,3.0,0.75
2023-12-21,-0.007475064969210521,100283.32792872927,-0.03871832177861512,2.0,0.5
2023-12-22,-0.0011029816589263886,100172.71725732776,-0.03977859783875548,2.0,0.5
2023-12-26,0.002820569389742844,100455.26135731113,-0.0370702267444436,2.0,0.5
2023-12-27,-0.009507708539793436,99500.16201103704,-0.04622548237284685,2.0,0.5
2023-12-28,0.002649856167443787,99763.82312900363,-0.04369811708496185,2.0,0.5
2023-12-29,0.0001983199318110751,99783.60828360378,-0.043508463360751426,1.0,0.25
2024-01-02,0.0,99783.60828360378,-0.043508463360751426,0.0,0.0
2024-01-03,0.0,99783.60828360378,-0.043508463360751426,0.0,0.0
2024-01-04,0.0,99783.60828360378,-0.043508463360751426,0.0,0.0
2024-01-05,0.0,99783.60828360378,-0.043508463360751426,0.0,0.0
2024-01-08,0.0,99783.60828360378,-0.043508463360751426,0.0,0.0
2024-01-09,0.0,99783.60828360378,-0.043508463360751426,0.0,0.0
2024-01-10,0.0,99783.60828360378,-0.043508463360751426,0.0,0.0
2024-01-11,0.0,99783.60828360378,-0.043508463360751426,0.0,0.0
2024-01-12,0.0,99783.60828360378,-0.043508463360751426,0.0,0.0
2024-01-16,0.0,99783.60828360378,-0.043508463360751426,0.0,0.0
2024-01-17,0.0,99783.60828360378,-0.043508463360751426,0.0,0.0
2024-01-18,0.0,99783.60828360378,-0.043508463360751426,0.0,0.0
2024-01-19,0.0,99783.60828360378,-0.043508463360751426,0.0,0.0
2024-01-22,0.0,99783.60828360378,-0.043508463360751426,0.0,0.0
2024-01-23,0.0,99783.60828360378,-0.043508463360751426,0.0,0.0
2024-01-24,0.0016351669523956835,99946.77114225994,-0.041944440009792694,1.0,0.25
2024-01-25,-0.005079077443237379,99439.13375142687,-0.04681047839390717,3.0,0.25
2024-01-26,0.006848196518250249,100120.11248096122,-0.0402828492308116,3.0,0.75
2024-01-29,0.003886557135364786,100509.23501851763,-0.03655285369055761,3.0,0.75
2024-01-30,-0.0033235340777970357,100175.18915080029,-0.039754903113473294,3.0,0.75
2024-01-31,-0.007095834084020369,99464.36262925084,-0.046568643000974186,2.0,0.5
2024-02-01,0.0017223640362178936,99635.67647032879,-0.044926487120676706,2.0,0.5
2024-02-02,-0.0019960466871394023,99436.7990083893,-0.04683285844203411,6.0,0.25
2024-02-05,0.0030378303747337645,99738.87113678329,-0.04393729834721105,6.0,1.0
2024-02-06,-0.003144767700384218,99425.21555635954,-0.04694389345091088,7.0,1.0
2024-02-07,-0.007518972618248645,98677.6400830278,-0.05410989621970819,7.0,0.9999999999999999
2024-02-08,0.013076314633901997,99967.97995208441,-0.041741139613582945,5.0,1.0
2024-02-09,-0.0007261224544836896,99895.39095711183,-0.04243695288931748,9.0,1.0
2024-02-12,-0.0006764911744264084,99827.81260676347,-0.04308473583964456,6.0,1.0
2024-02-13,-0.0037504702183903315,99453.41136861475,-0.04667361803940118,5.0,1.0
2024-02-14,-0.007849266408039401,98672.77504759416,-0.05415653078522231,6.0,1.0
2024-02-15,0.0011653606711722589,98787.76441895006,-0.053054282005114195,7.0,1.0
2024-02-16,-0.004732588803112622,98320.2425511764,-0.057535786707252234,6.0,1.0
2024-02-20,0.009060086823356184,99211.0324851835,-0.04899697910691381,5.0,0.75
2024-02-21,0.008371249148073412,100041.55275635458,-0.04103589587844736,4.0,1.0
2024-02-22,-0.003222981621785581,99719.12067040596,-0.04412661956198316,6.0,1.0
2024-02-23,0.011358602441841208,100851.7905179511,-0.033269233848848834,7.0,1.0
2024-02-26,0.011039455691395281,101965.1393907719,-0.02259705239041454,8.0,1.0
2024-02-27,0.007780048922563612,102758.43316362814,-0.014992809640953952,6.0,1.0
2024-02-28,-0.0005278340265710557,102704.19376608724,-0.015512729952442683,4.0,1.0
2024-02-29,-0.0005523291949529607,102647.46724142613,-0.016056491013749397,4.0,0.5
2024-03-01,-0.0034696983303790785,102291.3114957209,-0.01947047816406644,2.0,0.5
2024-03-04,0.0002642313842332322,102318.34007055245,-0.01921139149123019,2.0,0.5
2024-03-05,0.004086293790176165,102736.44286820389,-0.015203601090805208,2.0,0.5
2024-03-06,0.00017745324122012119,102754.67378298228,-0.015028845777876887,2.0,0.5
2024-03-07,0.0023116626441693766,102992.20792388023,-0.012751924755077026,1.0,0.25
2024-03-08,0.007223147670119445,103736.13585058606,-0.00562088612054179,1.0,0.25
2024-03-11,0.0014839197601722032,103890.07195241864,-0.004145307304353585,1.0,0.25
2024-03-12,-0.00139291257044874,103745.3621652513,-0.00553244582414969,1.0,0.25
2024-03-13,0.000621640441270499,103809.85447796747,-0.004914244574942606,1.0,0.25
2024-03-14,0.0,103809.85447796747,-0.004914244574942606,0.0,0.0
2024-03-15,0.0,103809.85447796747,-0.004914244574942606,0.0,0.0
2024-03-18,0.0,103809.85447796747,-0.004914244574942606,0.0,0.0
2024-03-19,0.0,103809.85447796747,-0.004914244574942606,0.0,0.0
2024-03-20,0.0,103809.85447796747,-0.004914244574942606,0.0,0.0
2024-03-21,0.0,103809.85447796747,-0.004914244574942606,0.0,0.0
2024-03-22,0.0,103809.85447796747,-0.004914244574942606,0.0,0.0
2024-03-25,0.0,103809.85447796747,-0.004914244574942606,0.0,0.0
2024-03-26,0.000946159752924336,103908.07518423143,-0.00397273448245139,1.0,0.25
2024-03-27,0.0030803732870949285,104228.1508433424,-0.0009045987005328326,1.0,0.25
2024-03-28,0.002083140651236215,104445.27274136737,0.0,1.0,0.25
2024-04-01,-0.003506663719983233,104079.01829272146,-0.003506663719983205,1.0,0.25
2024-04-02,-0.0006549580236724917,104010.85090459467,-0.004159325026116156,1.0,0.25
2024-04-03,-0.0025593024863901637,103744.65567526298,-0.006707982541625301,1.0,0.25
2024-04-04,-0.0009376506727561684,103647.37942907422,-0.007639343470038473,1.0,0.25
2024-04-05,0.0011830986960590373,103770.00450852669,-0.006465282871277567,1.0,0.25
2024-04-08,0.0010755894207918337,103881.6184275716,-0.005396647440344404,1.0,0.25
2024-04-09,0.0017036843197513196,104058.59991199704,-0.0037021573042165246,1.0,0.25
2024-04-10,-0.00627747235038581,103405.37492822963,-0.009956389464488069,1.0,0.25
2024-04-11,-0.0024013738585848265,103157.05996403981,-0.012333854309687031,1.0,0.25
2024-04-12,0.002007086596687413,103364.10511644732,-0.010351522826670179,1.0,0.25
2024-04-15,0.002184843567390349,103589.93951661004,-0.008189295717340395,1.0,0.25
2024-04-16,0.0020684014947063845,103804.20510234273,-0.006137832974136392,1.0,0.25
2024-04-17,0.0017494392596391073,103985.80425406441,-0.00439913148047133,1.0,0.25
2024-04-18,-0.0005069664398497653,103933.0869410868,-0.004903867708296095,1.0,0.25
2024-04-19,0.003139823046145962,104259.41844272151,-0.0017794419389960403,1.0,0.25
2024-04-22,-2.0259371525749303e-05,104257.30621242822,-0.0017996652601464103,1.0,0.25
2024-04-23,-0.0100579761650606,103208.68871151019,-0.011839540434915419,1.0,0.25
2024-04-24,0.0031469272653878444,103533.47894804137,-0.008729871342131768,1.0,0.25
2024-04-25,-0.0018602903635075718,103340.87661485391,-0.010573921610106951,3.0,0.25
2024-04-26,-0.00412155590628277,102914.95141448153,-0.014651896507324902,5.0,0.75
2024-04-29,0.007910197265736416,103729.02898176377,-0.0068575986332785055,5.0,1.0
2024-04-30,-0.010878484141492353,102600.61438497326,-0.017661482496789893,5.0,1.0
2024-05-01,0.0016329216522772416,102768.15314973942,-0.016057400661693144,4.0,1.0
2024-05-02,-0.0035498684942386794,102403.33972066207,-0.019550267495223372,10.0,1.0
2024-05-03,0.0008229610173095132,102487.61367729449,-0.018743395585940403,11.0,1.0
2024-05-06,-0.004480526798379415,102028.41517771142,-0.023139942098104327,11.0,1.0
2024-05-07,-0.0006410173933421326,101963.01318896736,-0.023766126386080666,10.0,1.0
2024-05-08,-0.0043820313511776015,101516.20806851279,-0.028044013826338365,10.0,1.0
2024-05-09,0.0057745281346189194,102102.41626812425,-0.02243142663856723,5.0,1.0
2024-05-10,0.002007659627019749,102307.40316708693,-0.020468801681186144,5.0,1.0
2024-05-13,0.003846108351160374,102700.88852479338,-0.016701418559110115,6.0,1.0
2024-05-14,-0.0068052887689655,102001.97932155282,-0.02339304935192954,5.0,0.9999999999999999
2024-05-15,0.0016277243239588568,102168.01042438646,-0.02180340246341239,4.0,1.0
2024-05-16,0.008300837201802025,103016.0904461513,-0.013683551755904633,4.0,1.0
2024-05-17,0.004907094024689085,103521.60008802645,-0.008843604206273392,4.0,1.0
2024-05-20,0.004206732140585034,103957.08773036151,-0.004674074739741685,5.0,1.0
2024-05-21,-0.0007671976505478674,103877.33209689698,-0.005437686451130741,5.0,1.0
2024-05-22,0.0012755630536791795,104009.83418383454,-0.004169059509386175,4.0,0.75
2024-05-23,-0.010932231466432102,102872.77460175163,-0.015055713852264452,10.0,1.0
2024-05-24,-0.0036351224491169903,102498.81946939386,-0.018636106937969465,10.0,1.0000000000000002
2024-05-28,-0.013431244290774053,101122.13278558449,-0.031817045123830656,11.0,1.0
2024-05-29,0.006074357576081565,101736.38477898012,-0.02593595565684559,8.0,1.0000000000000002
2024-05-30,-0.005536152372578236,101173.15665100845,-0.03132852262697894,8.0,1.0
2024-05-31,0.021286827286964412,103326.81216271546,-0.01070858019033083,16.0,1.0
2024-06-03,0.01239118390620512,104607.1536946656,0.0,17.0,1.0
2024-06-04,0.00023152846960328063,104631.37322887008,0.0,17.0,1.0
2024-06-05,-0.007712447657724805,103824.40923948654,-0.007712447657724941,15.0,1.0
2024-06-06,0.006662595344791008,104516.14926516122,-0.001101237230795249,8.0,1.0
2024-06-07,0.005098675445688151,105049.04318909736,0.0,7.0,1.0
2024-06-10,0.0006631345869440913,105118.70484296144,0.0,6.0,0.9999999999999998
2024-06-11,0.0013285863498644357,105258.36411933122,0.0,5.0,1.0
2024-06-12,-0.0036507825332032506,104874.08872213082,-0.0036507825332032784,4.0,1.0
2024-06-13,0.0033691569271208643,105227.42598462447,-0.0002939256653435862,6.0,1.0
2024-06-14,0.0027343985316727127,105515.15970372854,0.0,5.0,1.0
2024-06-17,-0.0009281052659363259,105417.2305283714,-0.0009281052659363409,5.0,0.9999999999999999
2024-06-18,-0.0024264364144190864,105161.44232151014,-0.00335228969194179,4.0,1.0
2024-06-20,0.0017005247780766952,105340.27195987615,-0.0016574655655495762,4.0,1.0
2024-06-21,0.009128087382475725,106301.82716721966,0.0,4.0,1.0
2024-06-24,0.0016010807006393568,106472.0249711398,0.0,4.0,1.0
2024-06-25,-0.006672016335803721,105761.64188122627,-0.00667201633580361,4.0,1.0
2024-06-26,0.0006386706069559933,105829.18873323924,-0.006037606949570229,3.0,0.75
2024-06-27,-0.008927543813875422,104884.39401403636,-0.014911249762872392,4.0,0.75
2024-06-28,-0.0037330026128191973,104492.860297138,-0.018588588641366366,4.0,1.0
2024-07-01,-0.0016710894472976856,104318.24338097751,-0.020228614894345243,5.0,0.75
2024-07-02,-0.0030132105004906772,104003.91055462921,-0.023180872320025858,5.0,1.0
2024-07-03,-0.002008658942021533,103795.00216968845,-0.02514296879557787,5.0,1.0
2024-07-05,0.0021526387693148676,104018.43531542004,-0.023044453755668104,5.0,1.0
2024-07-08,-0.016955175715619858,102254.78446698324,-0.039608906708590186,4.0,1.0
2024-07-09,-0.0032668789506306037,101920.73046400677,-0.04274638815563714,4.0,0.9999999999999999
2024-07-10,0.0012339992715816595,102046.50057115845,-0.041565137895902105,4.0,1.0
2024-07-11,0.006472267851804603,102706.97285619432,-0.03536189074985696,4.0,1.0
2024-07-12,0.004543491191154825,103173.62108263662,-0.030979065997826738,4.0,1.0
2024-07-15,-0.01422308216816523,101706.17419239112,-0.0447615303648119,4.0,1.0
2024-07-16,0.014302416506060095,103160.8182569286,-0.03109931190947801,4.0,1.0
2024-07-17,0.006574700707372261,103839.06976169553,-0.024729079870115744,7.0,1.0
2024-07-18,-0.0016379847450887488,103668.98294948165,-0.026326558759617313,7.0,1.0
2024-07-19,0.00039964464613738903,103710.41370348792,-0.025937435381739427,8.0,1.0
2024-07-22,0.017689834479823474,105545.03375573664,-0.008706429840649954,9.0,1.0
2024-07-23,0.00013484909075649884,105559.26640757248,-0.008572754804041183,12.0,0.9999999999999999
2024-07-24,0.004265551293038839,106009.5348728895,-0.00434377103634187,13.0,1.0000000000000002
2024-07-25,-0.0024628770372117663,105748.44642372556,-0.006795949899613296,15.0,1.0
2024-07-26,0.0010559115206576135,105860.10742659602,-0.005747214300748538,17.0,1.0
2024-07-29,-0.002833470387934244,105560.15594693921,-0.008564400127148541,15.0,0.9999999999999999
2024-07-30,-0.002514828290478254,105294.69028041656,-0.011057690421896083,15.0,1.0
2024-07-31,-0.0008611164638160348,105204.01928906368,-0.011909284926437946,12.0,1.0
2024-08-01,-0.009358651571922599,104219.4515285715,-0.021156481650263403,10.0,1.0
2024-08-02,-0.016479027013423804,102502.01637150795,-0.03728687043106349,9.0,1.0
2024-08-05,-0.004885863955867266,102001.20546431468,-0.041990555810664576,13.0,1.0
2024-08-06,0.004858038835712586,102496.73128174983,-0.03733650872581329,12.0,0.9999999999999999
2024-08-07,-0.005952676228520526,101886.6014259479,-0.04306693280638585,10.0,1.0
2024-08-08,0.00157947312666252,102047.52857486716,-0.04155548274273868,16.0,0.9999999999999999
2024-08-09,-0.002464767145311432,101796.0051791756,-0.0439178252994783,12.0,1.0
2024-08-12,-0.005956525377535349,101189.65469099412,-0.04961275303609103,12.0,1.0
2024-08-13,0.00907677037754582,102108.12995120743,-0.04098630622565169,12.0,1.0
2024-08-14,-0.003472574200427325,101753.55189348498,-0.044316552436509116,12.0,1.0000000000000002
2024-08-15,0.002767452316729504,102035.14999640809,-0.041671744065489236,9.0,1.0
2024-08-16,-0.00577695156949068,101445.69787649311,-0.047207959987697445,6.0,1.0
2024-08-19,-0.0007803360639195545,101366.5361399106,-0.04795145797793454,6.0,1.0
2024-08-20,-0.0004625583242514712,101319.64820481856,-0.04839183595613816,5.0,1.0
2024-08-21,-0.0015028008013879828,101167.3849563,-0.04982191346767073,5.0,1.0
2024-08-22,-0.0034373256950276923,100819.63970449095,-0.05308798501936052,6.0,1.0
2024-08-23,0.0024342753694987173,101065.06247018534,-0.05078294042421072,6.0,1.0
2024-08-26,0.000851740492787186,101151.14367629727,-0.049974453818125486,6.0,1.0
2024-08-27,0.001551589172352149,101308.08869559644,-0.04850040446721193,6.0,1.0
2024-08-28,-0.003128515120253009,100991.14480830834,-0.051477185338750786,6.0,1.0
2024-08-29,-0.0010705583242649327,100883.02789755675,-0.05249263433374174,5.0,1.0
2024-08-30,0.004083943418020486,101295.02847532895,-0.04862306786420312,5.0,1.0
2024-09-03,-0.001705191516972158,101122.30105206138,-0.05024534773832401,5.0,1.0
2024-09-04,0.022358508995583427,103383.24492978796,-0.02901024980213429,6.0,1.0
2024-09-05,-0.003926066438310005,102977.35544158553,-0.03282242007232916,8.0,1.0
2024-09-06,0.00027433231166247097,103005.60545755271,-0.03255709201103951,7.0,1.0
2024-09-09,-0.0007550007264622242,102927.83615060257,-0.03328751210938197,7.0,1.0
2024-09-10,0.0018080832838939724,103113.93825059386,-0.03153961541969541,6.0,1.0
2024-09-11,0.005463816932608861,103677.33393239544,-0.02624812517186459,6.0,1.0
2024-09-12,0.010695325540485046,104786.19676997201,-0.01583353187491976,6.0,1.0
2024-09-13,0.008877111294129604,105716.39550078762,-0.007096976605422967,6.0,1.0
2024-09-16,0.008482713351011402,106613.15738032295,0.0,6.0,1.0
2024-09-17,0.004005176252382938,107040.1618664542,0.0,5.0,1.0
2024-09-18,0.00712360459850403,107802.6736557507,0.0,4.0,1.0
2024-09-19,0.01262017870722712,109163.16266240316,0.0,4.0,1.0
2024-09-20,0.004398235099682096,109643.28791601725,0.0,4.0,1.0
2024-09-23,-0.001688615698740098,109458.14253878078,-0.0016886156987400147,5.0,1.0
2024-09-24,0.0018116465023569482,109656.44199986567,0.0,5.0,1.0
2024-09-25,0.002011348279860969,109876.99929585776,0.0,5.0,1.0
2024-09-26,0.0012347744340905362,110012.67260548289,0.0,5.0,1.0
2024-09-27,0.00517788492134838,110582.30556412405,0.0,4.0,1.0
2024-09-30,-0.0014782305767152009,110418.83941879548,-0.001478230576715367,4.0,1.0
2024-10-01,-0.0018235935918434754,110217.48033081258,-0.0032991284767517337,4.0,1.0
2024-10-02,0.0018776340432351546,110424.42842404133,-0.001427688989457443,4.0,1.0
2024-10-03,0.00941397427067156,111463.96115207886,0.0,5.0,1.0
2024-10-04,0.005590052167790118,112087.0505097475,0.0,5.0,1.0
2024-10-07,-0.00046560668363380703,112034.86202988135,-0.00046560668363393454,5.0,1.0
2024-10-08,0.00013733250900744383,112050.24805858024,-0.0003283381175602784,5.0,1.0
2024-10-09,-0.0039894452565865934,111603.22972796357,-0.004316473487201433,5.0,1.0
2024-10-10,0.004221596536413905,112074.37353603574,-0.00011309936031067558,5.0,1.0
2024-10-11,-0.0030696703697296324,111730.34215238615,-0.00318242255228518,4.0,1.0
2024-10-14,-0.004159628658987834,111265.58541909057,-0.007328813515219523,4.0,1.0
2024-10-15,-0.004988847129066942,110710.4984227086,-0.012281098314021466,4.0,1.0
2024-10-16,0.0026686704684716345,111005.94826039906,-0.009645202049940793,5.0,1.0
2024-10-17,-0.0025566172928326576,110722.14853346924,-0.012177160252419661,5.0,1.0
2024-10-18,-0.008293445663818361,109803.88041082569,-0.020369615299345,8.0,1.0
2024-10-21,-0.00437171141972608,109323.84953290346,-0.02465227663925129,8.0,0.9999999999999999
2024-10-22,-0.001970285171814003,109108.45037324318,-0.02657398979595138,8.0,1.0
2024-10-23,-0.003230775001777805,108755.94551929458,-0.029718910215799088,7.0,1.0
2024-10-24,-0.00718114359686273,107974.95345750795,-0.03668663805085981,9.0,1.0
2024-10-25,0.006910171913285138,108721.07894822829,-0.030029977113426587,10.0,1.0
2024-10-28,0.020484818056936933,110948.21046943664,-0.010160317673912012,10.0,1.0
2024-10-29,-0.001232554821221088,110811.46071771668,-0.011380349346599039,9.0,1.0
2024-10-30,-0.005630017817397283,110187.59021950413,-0.016946295594406635,6.0,1.0
2024-10-31,0.005680517333944667,110813.51273573161,-0.011362041986332172,5.0,1.0
2024-11-01,0.001084748003304212,110933.71747241083,-0.010289618935385936,11.0,0.9999999999999998
2024-11-04,-0.006044818030950205,110263.14333679326,-0.01627223809226397,12.0,1.0
2024-11-05,-0.0021923357090318212,110021.4095102659,-0.018428899592660364,12.0,1.0
2024-11-06,0.0009304980089912675,110123.78421276163,-0.01751554963804791,12.0,1.0
2024-11-07,-0.004973787214033035,109576.05194288326,-0.022402218235244464,9.0,1.0
2024-11-08,-0.008103653277984447,108688.08561036774,-0.030324331703992624,9.0,1.0
2024-11-11,-0.0065419217285146115,107977.05666148261,-0.03666787402803029,9.0,1.0
2024-11-12,0.0009053112628899687,108074.80950701196,-0.03579575860448414,9.0,1.0
2024-11-13,0.0029324122564149103,108391.72940302001,-0.03296831426932878,9.0,1.0
2024-11-14,0.004700371857845601,108901.2108375292,-0.028422905748075156,9.0,1.0
2024-11-15,-0.013108660857486128,107473.66179769044,-0.0411589803735255,11.0,1.0
2024-11-18,0.0012449028794076433,107607.45606872288,-0.03996531642729817,10.0,1.0
2024-11-19,-0.001924505367559401,107400.36494192922,-0.04181290832887696,9.0,0.9999999999999999
2024-11-20,-0.019873758239596903,105265.91605422883,-0.060855686937051456,8.0,1.0
2024-11-21,0.018368756639677526,107199.52004868169,-0.0436047736008609,10.0,1.0
2024-11-22,-0.0068576759703749615,106464.38047600813,-0.05016342216311953,11.0,1.0
2024-11-25,0.012295692991431462,107773.43381286408,-0.038484523210005284,12.0,0.9999999999999999
2024-11-26,0.001488570464163896,107933.86216325941,-0.0370532396704194,11.0,0.9999999999999999
2024-11-27,-0.0026179806329865427,107651.29340247257,-0.03957421563955932,11.0,1.0
2024-11-29,-0.00203466688745097,107432.2588803953,-0.04152836218085154,11.0,1.0
2024-12-02,0.006902095416487801,108173.7665819966,-0.034912899482626436,9.0,1.0
2024-12-03,0.0067329645097444065,108902.09671327857,-0.028415002286030777,8.0,0.9999999999999999
2024-12-04,-0.003234415441196881,108549.86209009044,-0.03155751180507205,8.0,1.0
2024-12-05,0.001587954708555439,108722.23435470945,-0.030019668995977633,8.0,1.0
2024-12-06,-0.023559605512770785,106160.78140284549,-0.052872022949579156,8.0,0.9999999999999999
2024-12-09,0.004945246744081454,106685.77266142705,-0.048188241404842125,8.0,1.0000000000000002
2024-12-10,0.04994448746784352,112014.13889711289,-0.0006504909559401639,8.0,0.9999999999999998
2024-12-11,-0.013061496880195877,110551.06657137042,-0.013703491450544503,8.0,1.0
2024-12-12,-0.011609185114643192,109267.65877492212,-0.025153590196221542,6.0,1.0
2024-12-13,-0.00507543263635169,108713.07813347815,-0.030101357479969892,6.0,1.0
2024-12-16,-0.009707875994554527,107657.705051972,-0.03951701322884127,7.0,1.0
2024-12-17,0.0013138757544075858,107799.15390041495,-0.03825505792000172,8.0,1.0
2024-12-18,0.007694573965134054,108628.62246348055,-0.030854840327573685,8.0,1.0000000000000002
2024-12-19,-0.001307200904449731,108486.62302994716,-0.032121707756840534,8.0,1.0
2024-12-20,-0.0015328209301292933,108320.33246352781,-0.03360529186100869,9.0,1.0
2024-12-23,0.002335008868890915,108573.26140051136,-0.03134875164665496,8.0,1.0
2024-12-24,-0.0006857077743165351,108498.81187108612,-0.03201296333825232,8.0,1.0
2024-12-26,0.0028599379742700547,108809.11174331942,-0.0292445804535022,8.0,1.0
2024-12-27,0.0027105545748973793,109104.0447789458,-0.02661329490994402,7.0,1.0
2024-12-30,0.00036370938763676474,109143.72694426104,-0.026259265027501977,7.0,1.0
2024-12-31,0.003739104789357868,109551.82677640668,-0.022618346381773513,5.0,1.0
2025-01-02,0.002500722300304789,109825.7854726656,-0.0201741862846615,5.0,1.0
2025-01-03,-0.004343842487898841,109348.71955946257,-0.024430395285018225,5.0,1.0
2025-01-06,0.003315919412985498,109711.31110143491,-0.021195485094025024,5.0,0.9999999999999999
2025-01-07,-0.001355821536798777,109562.56214301314,-0.022522569335650555,5.0,1.0
2025-01-08,0.005877212923737325,110206.48464919782,-0.01677772634748853,5.0,1.0
2025-01-10,0.02758740001821559,113246.79502581658,0.0,5.0,1.0
2025-01-13,0.021301857163525503,115659.16207768359,0.0,7.0,1.0
2025-01-14,-0.001836812755634913,115446.71785347325,-0.0018368127556349645,7.0,1.0
2025-01-15,-0.011368694063825926,114134.23943752427,-0.013184624657189614,7.0,1.0
2025-01-16,-0.0018614462291380817,113921.78468790774,-0.015021528416477081,7.0,0.9999999999999999
2025-01-17,-0.004230533901758829,113439.83471563668,-0.019188513233013738,7.0,1.0
2025-01-21,0.009720418275139418,114542.51735813534,-0.009654615332577277,7.0,0.9999999999999999
2025-01-22,-0.011886526587722226,113181.00468013324,-0.021426382078454598,7.0,1.0
2025-01-23,-0.006718232306692922,112420.62839798721,-0.028000666972852417,7.0,1.0
2025-01-24,1.8378468560149765e-05,112422.69451697174,-0.027982803113669852,7.0,1.0000000000000002
2025-01-27,0.026829036602419695,115438.88710311023,-0.0019045181602250771,7.0,1.0
2025-01-28,-0.0035321701328689835,115031.13731391299,-0.005429961210930978,6.0,1.0
2025-01-29,-0.0050774055627113785,114447.07757743032,-0.01047979665838461,6.0,1.0
2025-01-30,0.00741858474851935,115296.11292165885,-0.003138957169522838,9.0,1.0
2025-01-31,0.0036990018705241904,115722.59345902025,0.0,10.0,0.9999999999999999
2025-02-03,-0.005999591204359049,115028.3052051579,-0.0059995912043590005,11.0,1.0
2025-02-04,-0.006312271447367196,114302.21531857234,-0.01227399160347109,12.0,1.0
2025-02-05,0.001846727801853077,114513.30039741454,-0.010449930523151907,11.0,1.0
2025-02-06,0.0028575676785107832,114840.52990338978,-0.007622224228346797,11.0,1.0
2025-02-07,-0.007274133428726315,114005.16456584688,-0.01484091258101261,19.0,1.0
2025-02-10,-0.0020888301429591418,113767.02714164872,-0.016898742578423387,18.0,0.9999999999999999
2025-02-11,-0.00070493273931217,113686.82903956235,-0.017591762840838965,14.0,0.9999999999999999
2025-02-12,0.00046730690950028055,113739.95568029172,-0.01713267668366436,12.0,0.9999999999999999
2025-02-13,0.0004790674527778905,113794.44479113854,-0.016661816938664753,11.0,1.0
2025-02-14,-0.002189097033080583,113545.33770966521,-0.018814439637719116,7.0,1.0
2025-02-18,0.01632590571724032,115399.06818774542,-0.0027956966881268475,5.0,1.0
2025-02-19,0.005901768239933803,116080.1267432938,0.0,6.0,0.9999999999999999
2025-02-20,0.012818520885632618,117568.10227235958,0.0,7.0,1.0
2025-02-21,0.004760899208328558,118127.83215739275,0.0,7.0,1.0
2025-02-24,0.00496571851473611,118714.42172064235,0.0,8.0,0.9999999999999999
2025-02-25,0.0015006486229075461,118892.57035411669,0.0,9.0,0.9999999999999999
2025-02-26,0.010615161920664608,120154.63423958965,0.0,7.0,1.0
2025-02-27,-0.00926423814579698,119041.49309367295,-0.009264238145797021,7.0,1.0
2025-02-28,0.012468557428210876,120525.76878665137,0.0,8.0,1.0
2025-03-03,-0.0035162079121087075,120101.97512483076,-0.0035162079121087153,8.0,1.0
2025-03-04,-0.0054190895919783615,119451.13176145575,-0.008916242858387324,7.0,1.0
2025-03-05,0.013319629975210304,121042.17663663843,0.0,6.0,1.0
2025-03-06,0.003493459880618212,121465.03262458123,0.0,6.0,1.0
2025-03-07,0.006069233298905382,122202.23224523898,0.0,6.0,0.9999999999999999
2025-03-10,0.007300052415302918,123094.31494589624,0.0,6.0,1.0
2025-03-11,-0.013371686476842393,121448.33635935803,-0.013371686476842393,5.0,1.0
2025-03-12,-0.010827191709953143,120133.3919387404,-0.02405410037382516,6.0,1.0
2025-03-13,0.0003333516055506313,120173.4385978234,-0.02372876724125439,6.0,1.0
2025-03-14,0.00011926070464967102,120187.77056679076,-0.023612336446106386,6.0,1.0
2025-03-17,-0.0035820065748858937,119757.25718239963,-0.027109763476593995,6.0,1.0
2025-03-18,0.003226449115248411,120143.64787888037,-0.023970782633729204,6.0,1.0
2025-03-19,-0.005532394244465142,119478.9658528462,-0.029370561058316147,6.0,1.0000000000000002
2025-03-20,-0.006867369994709458,118658.45958774946,-0.03603623254328592,6.0,1.0
2025-03-21,-0.0013583980294534616,118497.27417006748,-0.037345679025463596,6.0,1.0
2025-03-24,0.0024441306284286226,118786.89698725185,-0.03499282611498056,6.0,1.0
2025-03-25,0.0010516787880520927,118911.82264711187,-0.03397794853988756,6.0,1.0
2025-03-26,0.007658041099452705,119822.45427215428,-0.026580111966828412,6.0,0.9999999999999999
2025-03-27,0.02118475881533445,122360.86406657129,-0.00595844641279597,6.0,1.0
2025-03-28,-0.010726062037535847,121048.41384762674,-0.01662059778446101,6.0,1.0
2025-03-31,0.006348472069501109,121816.88632199581,-0.010377641115772884,6.0,1.0
2025-04-01,0.004594126860373027,122376.5285514947,-0.005831190455197088,6.0,1.0
2025-04-02,-0.001916090180912947,122142.04408676297,-0.007736107549335847,6.0,1.0
2025-04-03,-0.01507439693626205,120300.8264315927,-0.02269388732965749,6.0,1.0
2025-04-04,0.00959810782385758,121455.4867349823,-0.013313597883332418,9.0,0.9999999999999999
2025-04-07,0.007569712205264076,122374.86981531637,-0.0058446657824619,26.0,1.0
2025-04-08,-0.013030081804075985,120780.31525085965,-0.018798591113274976,34.0,1.0000000000000002
2025-04-09,0.03808937936035486,125380.76249771293,0.0,37.0,1.0
2025-04-10,-0.014910394659728567,123511.28584613433,-0.014910394659728654,36.0,0.9999999999999998
2025-04-11,0.0037990239877444907,123980.50818382099,-0.011168015618962968,14.0,0.9999999999999999
2025-04-14,0.0016789722945130035,124188.66802212124,-0.009507794113259083,12.0,1.0
2025-04-15,0.0011846384736616427,124335.78669625305,-0.008334418938303556,11.0,1.0
2025-04-16,-0.00865637469073069,123259.48953914351,-0.016918647775874818,10.0,1.0
2025-04-17,0.0034846645852472263,123689.00751713623,-0.013492939003362348,10.0,1.0
2025-04-21,-0.004100983539892572,123181.7609332428,-0.01753858822249743,10.0,1.0
2025-04-22,0.010708142687307964,124500.80880578981,-0.00701825124040989,7.0,0.9999999999999999
2025-04-23,0.00712591511268263,125387.9910008002,0.0,6.0,0.9999999999999999
2025-04-24,0.00273475710908494,125730.89670058353,0.0,4.0,1.0
2025-04-25,0.00022876974533494045,125759.66012580245,0.0,8.0,1.0
2025-04-28,-0.001693660248158175,125546.6659886255,-0.001693660248158202,8.0,1.0
2025-04-29,-0.0014786939407167175,125361.02089435092,-0.0031698497837283623,7.0,0.9999999999999999
2025-04-30,0.0009776873204159055,125483.58477495374,-0.0021952615852535162,7.0,1.0
2025-05-01,0.008462981980309512,126545.55009172882,0.0,6.0,1.0
2025-05-02,-0.0033007708148367985,126127.85223323856,-0.0033007708148368176,8.0,0.9999999999999999
2025-05-05,-0.001513245533934064,125936.98982414191,-0.0048090214720768465,8.0,1.0
2025-05-06,-0.00296248909079698,125563.90286566009,-0.007757263889225374,8.0,1.0
2025-05-07,0.0023090172721562394,125853.83208613626,-0.005466158273373933,8.0,0.9999999999999999
2025-05-08,7.674299842328066e-05,125863.49048657359,-0.005389834764326529,9.0,1.0
2025-05-09,-0.0014307300144242442,125683.41381301424,-0.0068128533803807345,6.0,1.0
2025-05-12,0.008297384228155902,126726.25738852714,0.0,5.0,1.0
2025-05-13,-0.009198872946107911,125560.51864787431,-0.009198872946107883,4.0,1.0
2025-05-14,-0.0012510444130893195,125403.4368625153,-0.010438409160591244,3.0,0.75
2025-05-15,-0.0010986815119095328,125265.65842490454,-0.011525622185342255,3.0,0.75
2025-05-16,0.005382334938444866,125939.88015483222,-0.00620532200587276,4.0,0.75
2025-05-19,0.008431434078033706,127001.73395215317,0.0,3.0,0.75
2025-05-20,0.0037644050562253284,127479.81992159205,0.0,3.0,0.75
2025-05-21,0.005787260659192162,128217.57886826519,0.0,3.0,0.75
2025-05-22,0.00046327539645654725,128276.97891794809,0.0,4.0,0.75
2025-05-23,0.0011036079775250673,128418.54641521475,0.0,4.0,1.0
2025-05-27,-0.01918192159127452,125955.23192701266,-0.01918192159127441,5.0,1.0
2025-05-28,0.0040299501110643236,126462.82522790605,-0.015229273667257348,6.0,1.0
2025-05-29,0.0012113849923917712,126616.0203964826,-0.014036337188431114,6.0,1.0
2025-05-30,-0.001010447151628382,126488.08159932248,-0.015032601363127895,7.0,1.0
2025-06-02,-2.4384302323772532e-05,126484.99727570041,-0.015056619105955349,8.0,0.9999999999999999
2025-06-03,-0.004300442814123469,125941.0557780717,-0.019292311790639505,8.0,1.0
2025-06-04,-0.0024739918105663007,125629.47863746267,-0.021718574579829064,7.0,0.9999999999999999
2025-06-05,-0.00463769652785132,125046.84724058994,-0.02625554694976162,7.0,1.0
2025-06-06,0.003153368360878555,125441.16601230604,-0.023184971999931858,7.0,0.9999999999999999
2025-06-09,0.006632776063644374,126273.18917562811,-0.01670597666360485,4.0,1.0
2025-06-10,-0.004097774580847174,125755.75011078172,-0.020735293917931608,3.0,0.75
2025-06-11,0.006014519673555763,126512.11054388578,-0.014845487077582264,5.0,0.75
2025-06-12,-0.001397952616280907,126335.25260795973,-0.01622268640636315,7.0,1.0
2025-06-13,0.002873906019495512,126698.32825090423,-0.013395402862983241,6.0,1.0
2025-06-16,0.00032131184323712445,126739.03792428957,-0.013078395121331132,6.0,0.9999999999999999
2025-06-17,-0.0014037602033702124,126561.12670663804,-0.014463796394105888,6.0,1.0
2025-06-18,-0.002203705525498205,126282.22325240135,-0.0166356279715707,5.0,0.9999999999999999
2025-06-20,0.001853990884280149,126516.34934315791,-0.014812479389904265,4.0,0.9999999999999999
2025-06-23,0.0028440297628746225,126876.16560618012,-0.012010576759276304,3.0,0.75
2025-06-24,0.0008970218401890548,126989.9762977283,-0.01112432866875368,2.0,0.5
2025-06-25,-0.0014878386122943732,126801.03570761818,-0.012595616075318894,2.0,0.5
2025-06-26,0.006981317926987807,127686.2740513644,-0.005702232148639186,2.0,0.5
2025-06-27,-0.001472282857256313,127498.28373897163,-0.007166119707255003,3.0,0.5
2025-06-30,-0.00035819870695461,127452.61401859739,-0.007521751519396713,3.0,0.75
2025-07-01,-0.003971329118338751,126946.45774133696,-0.011463209286905474,3.0,0.75
2025-07-02,-0.006139922573588501,126167.01631981382,-0.017532748643027563,2.0,0.5
2025-07-03,0.0028325244281831585,126524.3874755707,-0.01474988615366879,2.0,0.5
2025-07-07,0.003300446511473376,126941.97444883075,-0.011498120852495908,2.0,0.5
2025-07-08,-0.0007995330136976175,126840.48014943494,-0.012288460738976603,2.0,0.5
2025-07-09,-0.0002715961765048791,126806.03076000031,-0.012556719416529583,4.0,0.5
2025-07-10,-0.006867389729539652,125935.2043267154,-0.01933787726011149,5.0,1.0
2025-07-11,-0.008491439177739257,124865.83319883891,-0.02766511002927008,5.0,1.0
2025-07-14,-0.007389017901515416,123943.19732204505,-0.03484970993753178,4.0,1.0
2025-07-15,-0.004586481665238146,123374.73411999649,-0.03927635404710261,4.0,1.0
2025-07-16,-0.0030865891881120544,122993.92699957552,-0.04224171326546433,4.0,1.0
2025-07-17,-0.0039020270245311572,122514.00137256995,-0.04597891198327131,4.0,1.0
2025-07-18,-0.001817940925968431,122291.2781554706,-0.04771326596341385,4.0,1.0
2025-07-21,-0.0052616206553672,121647.82784035652,-0.052723837513052874,4.0,0.75
2025-07-22,-0.00316813756070089,121262.43078779781,-0.055724938703784366,4.0,1.0
2025-07-23,0.0033018089699511644,121662.81616949107,-0.052607122836295206,6.0,1.0
2025-07-24,-0.016640190314222425,119638.32375426649,-0.06837192061463793,8.0,1.0
2025-07-25,0.005266174884242076,120268.360090014,-0.06346580422152426,9.0,1.0
2025-07-28,-0.005779417096340187,119573.27907356097,-0.06887842596391358,11.0,0.9999999999999998
2025-07-29,-0.001727196996562963,119366.75246507593,-0.07048665635002371,8.0,1.0
2025-07-30,0.0003312014116715238,119406.28690199899,-0.07017880021843947,9.0,1.0
2025-07-31,-0.014109902754220471,117721.47580556924,-0.08329848692616992,8.0,1.0
2025-08-01,-0.0004853292855224355,117664.34212582589,-0.08374338901654721,9.0,0.9999999999999999
2025-08-04,-0.0019682140905748747,117432.7535096956,-0.08554677818886736,11.0,1.0
2025-08-05,0.0029043448071297074,117773.81871753842,-0.08289089072273725,11.0,0.9999999999999999
2025-08-06,-0.005877780705233427,117081.57003829881,-0.08828145694984091,8.0,1.0
2025-08-07,0.0019865805045712844,117314.16200278151,-0.08647025466656133,9.0,1.0
2025-08-08,0.0025488576450787472,117613.17910147831,-0.08414179739116123,10.0,1.0000000000000002
2025-08-11,-0.0034791706838567466,117203.98277671325,-0.08732822440024768,9.0,1.0
2025-08-12,0.008713798229595565,118225.27463433452,-0.07937538669782473,6.0,1.0
2025-08-13,0.002160657164637952,118480.71892101449,-0.0773862325311514,5.0,1.0
2025-08-14,0.00042001343197353627,118530.4824143912,-0.07699872235629068,4.0,0.9999999999999999
2025-08-15,0.007943517120581195,119472.03133076067,-0.06966684590500949,4.0,0.75
2025-08-18,0.004557956841223593,120016.57969329957,-0.06542642754068528,4.0,1.0
2025-08-19,-0.004019592993938781,119534.1618904079,-0.06918303292486305,4.0,0.9999999999999999
2025-08-20,-0.001087895821869661,119404.12117511663,-0.07019566481426942,3.0,0.75
2025-08-21,0.00468923051724579,119964.03462401588,-0.0658355979506492,3.0,0.75
2025-08-22,-0.004655832607403904,119405.50215989767,-0.0701849110343864,2.0,0.5
2025-08-25,0.0026503871925681044,119721.97297354441,-0.06772054103113556,2.0,0.5
2025-08-26,-0.022845399187350263,116986.87670946664,-0.08901883742544614,5.0,1.0
2025-08-27,0.01353395186966726,118570.17146823525,-0.0766896622169887,5.0,1.0
2025-08-28,-0.004119682022514631,118081.70006443109,-0.08049340721675513,5.0,1.0
2025-08-29,-0.005359971325245266,117448.78553804952,-0.08542193618744742,9.0,1.0
2025-09-02,-0.01143794150123617,116105.41319967406,-0.0958828265796493,10.0,1.0
2025-09-03,0.00880351325490378,117127.5487437435,-0.087923419059457,8.0,1.0
2025-09-04,-0.0032836415307994768,116742.94386028778,-0.09091835159990314,7.0,1.0
2025-09-05,0.0019095547612919472,116965.87090458344,-0.08918241040979746,8.0,0.9999999999999999
2025-09-08,-0.007751859717884222,116059.16788155095,-0.09624294059288219,4.0,1.0
2025-09-09,0.0021491670838867383,116308.59842494526,-0.09430061566897419,3.0,0.75
2025-09-10,0.012078151544381799,117713.39130263639,-0.0833614412513708,2.0,0.5
2025-09-11,-0.0026250663375963212,117404.38584164353,-0.08576767827568466,2.0,0.5
2025-09-12,0.0030409739108373524,117761.40951600582,-0.08298752163687695,5.0,0.5
2025-09-15,-0.00785348863279064,116836.57162499047,-0.09018926871182897,5.0,1.0
2025-09-16,0.007387737770208408,117699.72957812606,-0.08346782560855048,5.0,1.0
2025-09-17,0.012804418658247725,119206.80619160693,-0.07173216393388826,5.0,1.0
2025-09-18,0.004514944205484844,119745.01827047608,-0.06754108644630352,5.0,1.0
2025-09-19,-0.0018303580227088134,119525.8420156053,-0.06924782009957287,5.0,0.9999999999999999
2025-09-22,0.013325364911706244,121118.56747684217,-0.05684520766003376,4.0,1.0
2025-09-23,-0.004766646420147486,120541.23809076528,-0.06134089307458612,4.0,1.0
2025-09-24,-0.009163372008329368,119436.673883795,-0.06994217566034988,4.0,1.0
2025-09-25,-0.0038170000614892448,118980.78409223648,-0.07349220643304288,4.0,1.0
2025-09-26,0.00885799370569551,120034.71512882422,-0.06528520622934908,5.0,1.0
2025-09-29,0.008510817631061991,121056.30869868211,-0.05733001908251134,5.0,1.0
2025-09-30,0.008338327613791274,122065.715860328,-0.04946972794993476,3.0,0.75
2025-10-01,0.009898149523715314,123273.94056763288,-0.04006123719036547,3.0,0.75
2025-10-02,0.005909860078645357,124002.47230773083,-0.03438813341809255,4.0,0.5
2025-10-03,-0.0008581723115099472,123896.05681943754,-0.035216794785658756,4.0,1.0
2025-10-06,0.007650956621940125,124843.98017579247,-0.027835280332987544,4.0,1.0
2025-10-07,0.002214032103514063,125120.38875583216,-0.02568287643374101,4.0,0.9999999999999999
2025-10-08,0.00023796395126921,125150.16289792485,-0.02545102408122779,4.0,1.0
2025-10-09,0.0029880633546635615,125524.1195135103,-0.02253900999896008,2.0,0.5
2025-10-10,0.0009726607569056356,125646.21189860623,-0.02158827205257996,2.0,0.5
2025-10-13,0.002472147561265292,125956.82787493359,-0.01916949388542133,2.0,0.5
2025-10-14,9.313381966485901e-05,125968.55871542645,-0.019078145393943147,2.0,0.5
2025-10-15,0.003779496802160498,126444.65648026417,-0.015370754381290208,2.0,0.5
2025-10-16,-0.00036143373810929046,126398.95511540858,-0.015726632610185698,2.0,0.5
2025-10-17,-0.0003227117550162195,126358.16468677105,-0.016044269195992,3.0,0.5
2025-10-20,-0.010335790150806018,125052.1532127276,-0.026214229147265122,4.0,0.75
2025-10-21,0.0010845592270991022,125187.77967936307,-0.025158100804269057,4.0,1.0
2025-10-22,-0.006304533879612689,124398.52908106103,-0.03130402458501458,4.0,1.0
2025-10-23,0.0014553126558756457,124579.56783480501,-0.029894269072297308,3.0,0.75
2025-10-24,0.009168451220215756,125721.76952553398,-0.020999901999834925,3.0,0.75
2025-10-27,0.004741812715867044,126317.91861093146,-0.01635766688630269,2.0,0.5
2025-10-28,0.005493659041884064,127011.86618666041,-0.010953871289012485,3.0,0.5
2025-10-29,0.0060577496948392975,127781.27228029362,-0.004962477404631516,4.0,1.0
2025-10-30,-0.0199696062935594,125229.53058116604,-0.024832984978179762,4.0,0.75
2025-10-31,-0.002904101675393484,124865.85129159653,-0.02766496914029315,10.0,0.9999999999999999
2025-11-03,0.006093588245796771,125626.73237532841,-0.021739959825269994,10.0,1.0
2025-11-04,-0.003469802441258735,125190.83243264515,-0.025134328900853986,10.0,1.0
2025-11-05,-0.0014123087884212729,125014.02431977076,-0.026511140255677468,13.0,1.0
2025-11-06,0.002575000206879014,125335.93545825694,-0.024004406240441534,12.0,1.0
2025-11-07,-0.003188539380378908,124936.29689227165,-0.02711640662622017,9.0,1.0
2025-11-10,-0.007910505704593632,123947.98760299454,-0.03481240784150896,9.0,1.0
2025-11-11,-0.0027706472474779593,123604.57145231188,-0.03748660218702271,8.0,1.0
2025-11-12,-0.004334291756471501,123068.83317720392,-0.04165841607265697,7.0,1.0
2025-11-13,0.003620010421014355,123514.34363580748,-0.03818920955194849,6.0,1.0
2025-11-14,0.010129534155256333,124765.48639833047,-0.028446514299210857,5.0,1.0
2025-11-17,-0.006248442624743726,123985.89641502225,-0.034517210511482044,5.0,1.0
2025-11-18,-0.007586681620489588,123045.25489349048,-0.041842021045393585,4.0,1.0
2025-11-19,-0.0036719655693251974,122593.43695405274,-0.04536034415408907,3.0,0.75
2025-11-20,-0.003390420283871376,122177.7936787342,-0.04859697380705719,3.0,0.75
2025-11-21,0.0006152082522265234,122252.95846564419,-0.048011662814150036,4.0,0.5
2025-11-24,0.008533284292797982,123296.17771586716,-0.039888075689515023,4.0,1.0
2025-11-25,0.0001661446442181025,123316.66271544721,-0.03972855823544097,4.0,1.0
2025-11-26,0.007183492102855682,124202.50698821415,-0.03283045591692735,4.0,1.0
2025-11-28,0.003073666410053244,124584.26406198824,-0.02985769937645255,3.0,0.75
2025-12-01,-0.00281484446734942,124233.57873557454,-0.032588499063904486,2.0,0.5
2025-12-02,-0.00020484127912756556,124208.13057039575,-0.032786664873199034,2.0,0.5
2025-12-03,-0.007503626194360929,123276.11918829512,-0.04004427219019169,2.0,0.5
2025-12-04,0.007813581538632708,124239.34719733907,-0.03254357983747225,2.0,0.5
2025-12-05,-0.004701918888847273,123655.18386401384,-0.037092481453571025,2.0,0.5
2025-12-08,0.004566849233453241,124219.89844565572,-0.03269502799061097,2.0,0.5
2025-12-09,0.004523743617960846,124781.83741847299,-0.028319188296861864,2.0,0.5
2025-12-10,-0.00042304425907496723,124729.04917851629,-0.028730252285906088,2.0,0.5
2025-12-11,0.006994746711052657,125601.49728503045,-0.02193646641253788,2.0,0.5
2025-12-12,-0.01049024322037298,124283.90702966748,-0.03219659076484771,2.0,0.5
2025-12-15,0.0010166749265183017,124410.26336171429,-0.031212649304879325,2.0,0.5
2025-12-16,0.0020275185597984913,124662.50747970957,-0.02924841497084696,2.0,0.5
2025-12-17,-0.008343534722292684,123622.38151998454,-0.037347914527258386,2.0,0.5
2025-12-18,0.005421981285381294,124292.65975904018,-0.032128432935491835,2.0,0.5
2025-12-19,-0.0015072674343890313,124105.31748065179,-0.03358727422919916,2.0,0.5
2025-12-22,0.00011657659103847529,124119.78525549344,-0.03347461312809252,2.0,0.5
2025-12-23,0.0018272370457867448,124346.58152522738,-0.03170854213550678,2.0,0.5
2025-12-24,0.0027755684934493425,124691.71397917693,-0.029020982872581924,2.0,0.5
2025-12-26,0.0015326015430954243,124882.81669243264,-0.027532858932619142,2.0,0.5
2025-12-29,-0.00016987614775298976,124861.60208061239,-0.027698057904359974,2.0,0.5
2025-12-30,-0.0011914748060694036,124712.83262748786,-0.028856531172259392,2.0,0.5
2025-12-31,-0.0007853052296264984,124614.89498782397,-0.029619175217047378,2.0,0.5
2026-01-02,0.0033846327724619263,125036.67064533668,-0.02633479247571824,2.0,0.5
2026-01-05,-0.002257502728593152,124754.40002018063,-0.0285328443384405,2.0,0.5
2026-01-06,-0.00201995269679231,124502.40203342316,-0.0304951620393642,2.0,0.5
2026-01-07,-0.0017378778348769441,124286.03206854034,-0.032180043008061876,2.0,0.5
2026-01-08,-0.004574098989619857,123717.53545483177,-0.03660694729547265,2.0,0.5
2026-01-09,0.003246094750315342,124119.13429719364,-0.03347968216459829,2.0,0.5
2026-01-12,0.0006959168289067952,124205.51089154041,-0.03280706440993619,2.0,0.5
2026-01-13,-0.0024427168464982996,123902.11199765773,-0.03516964288751612,2.0,0.5
2026-01-14,-0.008898255537489463,122799.59934346794,-0.04375494995543017,2.0,0.5
2026-01-15,0.00542452450265446,123465.72877902273,-0.038567775250921366,2.0,0.5
2026-01-16,-0.018048626439340354,121237.34196222924,-0.055920306322161384,2.0,0.5
2026-01-20,0.004800774285322107,121819.3750759423,-0.05138799280545814,2.0,0.5
2026-01-21,0.003162813663565467,122204.6670599195,-0.04838770978768092,2.0,0.5
2026-01-22,0.0017588647033809635,122419.60853539963,-0.0467139525191228,3.0,0.5
2026-01-23,0.011123891068028413,123781.39092533811,-0.03610970237027411,10.0,0.75
2026-01-26,0.00930890008730132,124933.65952612925,-0.027136943894520038,10.0,1.0
2026-01-27,0.0007639906230025688,125029.10767050461,-0.0263936856421898,10.0,0.9999999999999999
2026-01-28,-0.006779080109678113,124181.5253335647,-0.03299384084250978,11.0,1.0000000000000002
2026-01-29,0.00042291663455442806,124234.0437663326,-0.032584877852085525,6.0,1.0
2026-01-30,0.004786371906397308,124828.67410323393,-0.02795446928961265,5.0,1.0000000000000002
2026-02-02,-0.012844396181198942,123225.32515827822,-0.04043980719222062,7.0,1.0
2026-02-03,-0.002898153969915056,122868.19919297667,-0.043220760374379164,7.0,1.0
2026-02-04,-0.0037373785058904957,122408.99422625538,-0.04679660653943807,11.0,1.0
2026-02-05,-0.0019701934793376415,122167.8248240185,-0.04867460164971682,12.0,1.0000000000000002
2026-02-06,-0.0003556365757264112,122124.37747713414,-0.04901292775678767,16.0,1.0
2026-02-09,-0.0016301549663334377,121925.29581667941,-0.05056318405552385,15.0,0.9999999999999999
2026-02-10,0.00221429082476034,122195.27388051248,-0.04846085482528828,14.0,0.9999999999999999
2026-02-11,-0.010615850964647263,120898.06706441271,-0.058562252577490814,13.0,1.0
2026-02-12,0.0022402301411002306,121168.90655825117,-0.056453215359745346,10.0,1.0
2026-02-13,0.006379957222157126,121941.95899874838,-0.050433427236636574,16.0,0.9999999999999998
2026-02-17,0.0027150297193322763,122273.03504146359,-0.04785532577109941,17.0,1.0
2026-02-18,0.00566575247489642,122965.80379236286,-0.04246070972662763,20.0,1.0
2026-02-19,-0.0031944672328564016,122572.9935613863,-0.04551953761357852,18.0,1.0
2026-02-20,-0.0029430124728914092,122212.25971249552,-0.0483285855195128,13.0,1.0
2026-02-23,-0.003858210662165309,121740.73906902545,-0.052000334317739316,10.0,1.0000000000000002
2026-02-24,0.006525580276945617,122535.16803479508,-0.04581408639681206,10.0,0.9999999999999999
2026-02-25,0.0015971758555763957,122730.87824663924,-0.044290083693873994,11.0,1.0
2026-02-26,0.009761150193120122,123928.87278253821,-0.03496125565975583,10.0,1.0
2026-02-27,-0.00341130098928375,123506.11409621433,-0.03825329328302074,9.0,1.0
2026-03-02,0.0013111844022139496,123668.05338659535,-0.03699226600229277,3.0,0.75
2026-03-03,0.003641601879148748,124118.40320219865,-0.03348537522853179,4.0,0.75
2026-03-04,0.00023119200275453777,124147.09838441365,-0.033261924776739504,4.0,1.0
2026-03-05,-0.006260619742562562,123369.86060928635,-0.03931430425636906,3.0,0.75
2026-03-06,-0.0002629303787871906,123337.4229251054,-0.03956689771024646,4.0,0.75
2026-03-09,0.010257584913395956,124602.5670137591,-0.02971517360987308,5.0,1.0
2026-03-10,0.00906139814047906,125731.64048279649,-0.02092303648828653,5.0,1.0
2026-03-11,-0.01652428882673674,123654.01454079931,-0.03710158701695865,5.0,0.9999999999999999
2026-03-12,-0.03261909550140335,119620.53243136106,-0.06851046230820224,4.0,1.0
2026-03-13,0.009707012809532428,120781.69047195537,-0.0594684814338825,4.0,1.0
2026-03-16,0.01573836760561126,122682.59711663016,-0.04466605065002516,4.0,1.0
2026-03-17,-0.0007673174635552385,122588.46061738826,-0.04539909507288853,4.0,1.0
2026-03-18,-0.015289352015398383,120714.16248998321,-0.05999432434253704,3.0,0.75
2026-03-19,-0.0085515815267114,119681.86548802142,-0.06803285951349336,3.0,0.75
2026-03-20,-0.011786088563634334,118271.28442191864,-0.07901710676966422,3.0,0.75
2026-03-23,0.006594714028580445,119051.2497204741,-0.07294348796359551,4.0,0.75
2026-03-24,0.0017833140603186748,119263.55548799914,-0.07129025505097097,4.0,1.0
2026-03-25,0.02052230709982497,121711.11879954088,-0.052230988458526806,5.0,1.0
2026-03-26,-0.02481363663736777,118691.02332292157,-0.07574858432707421,5.0,1.0
2026-03-27,-0.00770717060389417,117776.25135702103,-0.0828719476685561,4.0,1.0
2026-03-30,-0.009655369700930087,116639.07810817932,-0.09172715807691012,3.0,0.75
2026-03-31,0.023354745099878227,119363.15404608063,-0.07051467737265449,3.0,0.75
2026-04-01,-0.005442466343114377,118713.52409757685,-0.07557336995747266,3.0,0.75
2026-04-02,0.00912125771527239,119796.34074515906,-0.0671414364259939,3.0,0.75
2026-04-06,-0.0009716199304779238,119679.94423289274,-0.0680478203986794,3.0,0.75
2026-04-07,0.01609869736318642,121606.63543554112,-0.05304460430231572,3.0,0.5
2026-04-08,-0.008973280852028337,120515.42494230779,-0.06154190102225465,3.0,0.75
2026-04-09,0.0030802791785952133,120886.64609645712,-0.05865118807998959,3.0,0.75
2026-04-10,0.006545622334845734,121677.92442713068,-0.05248947427180539,3.0,0.75
2026-04-13,-0.00438870493970972,121143.9159191437,-0.056647818396495686,3.0,0.25
2026-04-14,-0.02246269480042723,118422.69710892337,-0.07783805054117243,3.0,0.75
2026-04-15,-0.004993008774547225,117831.41154315298,-0.0824424132463738,3.0,0.75
2026-04-16,0.028587240473433362,121199.88644026118,-0.05621197386562471,4.0,0.75
2026-04-17,-0.0027652560670526904,120864.73771895617,-0.058821789430904325,4.0,1.0
2026-04-20,0.0009596049025298592,120980.72011381424,-0.057918630205888166,2.0,0.5
2026-04-21,0.0005321336432211887,121045.09802516791,-0.05741731701436892,2.0,0.5
2026-04-22,-0.003937981792483586,120568.42463307542,-0.06112919045787657,2.0,0.5
2026-04-23,0.012058695899051897,122022.32260075342,-0.04980763287711154,3.0,0.5
2026-04-24,-0.004604122956657353,121460.51682404264,-0.054182435367822634,3.0,0.75
2026-04-27,0.0044230223864085705,121997.73940902014,-0.049999063105996,4.0,0.75
2026-04-28,0.005032437189601918,122611.68536986946,-0.04521824306101396,4.0,1.0
2026-04-29,0.013481415889729231,124264.66449328128,-0.032346433111793305,4.0,1.0
2026-04-30,0.007173684064533115,125156.09993674129,-0.025404792139018695,9.0,0.75
2026-05-01,-0.00036256853767007043,125110.72227260673,-0.025758149698353217,10.0,0.9999999999999999
2026-05-04,-0.0010752534386925714,124976.19653826581,-0.026805706598008183,10.0,1.0
2026-05-05,-0.0035009986869211493,124538.65503828895,-0.030212858541327603,10.0,0.9999999999999999
2026-05-06,-0.0014211268412272294,124361.66981284371,-0.031591049078331435,6.0,1.0
2026-05-07,0.0026205602034388353,124687.56705558846,-0.029053275120892175,7.0,0.9999999999999999
2026-05-08,0.026856437016246813,128036.2308469259,-0.002977105558045423,13.0,1.0
2026-05-11,-0.003946260317436534,127530.96654994054,-0.006911617441957341,15.0,0.9999999999999999
2026-05-12,0.002232328918747548,127815.6576146058,-0.004694717526700698,12.0,1.0
2026-05-13,-4.566088292305099e-05,127809.82143882773,-0.004740164044676476,12.0,1.0
2026-05-14,-7.176835773889921e-05,127800.64873784017,-0.004811592208626481,11.0,1.0
2026-05-15,-0.0030770486380356046,127407.39992570132,-0.007873835343409796,11.0,0.9999999999999998
2026-05-18,0.002817699813738167,127766.39573274083,-0.005078321634052196,9.0,1.0
2026-05-19,0.0023402723465089093,128065.40389548727,-0.0027499339432301984,9.0,1.0000000000000002
2026-05-20,0.0024780503258352215,128382.75641133869,-0.00027869809209901675,7.0,0.9999999999999998
2026-05-21,-0.005187201203509128,127716.80922277198,-0.0054644536325294535,6.0,1.0
2026-05-22,0.0007455342590202414,127812.0264795003,-0.004722993310899093,5.0,1.0
2026-05-26,-0.011234444926440271,126376.12930707962,-0.015904378029100164,6.0,1.0
2026-05-27,-0.006834274790188196,125512.4401124747,-0.022629957929470423,6.0,1.0
2026-05-28,-0.005035740135680324,124880.39208027313,-0.027551739477736592,6.0,1.0
2026-05-29,-0.04517119808363983,119239.3951528525,-0.07147839247987875,10.0,1.0
2026-06-01,0.018662431550300004,121464.69220299179,-0.05414992153655995,15.0,1.0
2026-06-02,0.011596898155439564,122873.30586795168,-0.04318099450630497,16.0,0.9999999999999998
2026-06-03,0.00685840627143932,123716.02091950896,-0.036618741038394464,17.0,1.0
2026-06-04,0.010329949479945874,124994.00116546739,-0.02666706130339458,16.0,0.9999999999999999
2026-06-05,0.01874622022595194,127337.16623823812,-0.008420747681415208,13.0,1.0
2026-06-08,-0.006460213781664158,126514.54092198779,-0.014826561632856006,10.0,1.0
2026-06-09,0.002535005123918975,126835.25593147529,-0.012329141918646425,5.0,1.0
2026-06-10,-0.006298982808725094,126036.32283482267,-0.018550463674379625,4.0,1.0
2026-06-11,0.030947430462340608,129936.82317148248,0.0,3.0,0.75
2026-06-12,-0.008355653974162214,128851.11603855966,-0.00835565397416227,3.0,0.75
2026-06-15,-0.0005713131993883847,128777.5016952109,-0.008922193478145712,4.0,0.75
2026-06-16,-0.011556369760670843,127289.30126876562,-0.020375455071906967,6.0,1.0
2026-06-17,-0.01660333543928376,125175.87430196826,-0.03664048999590375,6.0,1.0
2026-06-18,0.015311388361421464,127092.49072688617,-0.02189011840656241,6.0,1.0
2026-06-22,-0.01156290607636044,125622.93219360049,-0.03319991109978726,7.0,1.0
2026-06-23,-0.0038362410654622274,125141.01234235562,-0.03690878930291874,6.0,0.9999999999999999
2026-06-24,0.006198661216660794,125916.71908217583,-0.030938913167064097,6.0,1.0
2026-06-25,-0.011970328116423928,124409.45463941862,-0.042538892341312584,6.0,0.9999999999999999
2026-06-26,0.0072671985741050585,125313.56285077939,-0.035580832344974334,5.0,1.0
2026-06-29,-0.007696248644674984,124349.11851252968,-0.04300324205693795,5.0,1.0
2026-06-30,0.01831999417900562,126627.1936398437,-0.025471067022093785,5.0,1.0
2026-07-01,0.00855510102726471,127710.50207423155,-0.017133873546475442,5.0,1.0
2026-07-02,0.018425711122557975,130063.65889276819,0.0,4.0,1.0
2026-07-06,-0.008065109941986004,129014.68118434105,-0.008065109941985948,4.0,1.0
2026-07-07,-0.0012415739898385403,128854.49991187526,-0.009296670501095394,4.0,1.0
2026-07-08,0.01409035575936093,130670.10565682813,0.0,4.0,1.0
2026-07-09,0.003502633208951861,131127.79510831897,0.0,4.0,1.0
2026-07-10,9.40284165044658e-05,131140.12484725274,0.0,4.0,1.0
2026-07-13,0.01342206024032741,132900.29550287663,0.0,4.0,1.0
2026-07-14,-0.0056953103884469225,132143.3870692714,-0.005695310388447061,4.0,1.0
2026-07-15,-0.00410392333843753,131601.08073905765,-0.009775860609661735,5.0,1.0
2026-07-16,0.008725903951782101,132749.4191295374,-0.0011352598786055212,5.0,1.0
2026-07-17,0.0027402844759200256,133113.19030196546,0.0,5.0,1.0
2026-07-20,0.003563485286979494,133587.53719710943,0.0,6.0,1.0
2026-07-21,0.006439048003079708,134447.71376173483,0.0,6.0,1.0
2026-07-22,-0.012957428339710862,132705.6171452292,-0.012957428339710919,6.0,0.9999999999999999
2026-07-23,-0.017381734579149474,130398.9633308486,-0.03011394033863113,6.0,1.0
2026-07-24,-0.0016845607134042579,130179.29836015281,-0.03174777229121506,6.0,1.0
2026-07-27,0.0027147629734449847,130532.70429924999,-0.029119196994475738,7.0,1.0
2026-07-28,0.002733534571309249,130889.51995913849,-0.02646526075483957,7.0,0.9999999999999999
2026-07-29,0.001808258624182095,131126.20206241964,-0.024704858166658683,7.0,1.0
2026-07-30,0.008125938047228744,132191.72545674726,-0.01677967026635785,7.0,1.0
2026-07-31,0.006767681649142293,133086.35697128935,-0.010125548083755764,11.0,1.0
2026-08-03,0.0007361362515644503,133184.32666324457,-0.009396865615202699,12.0,1.0000000000000002
2026-08-04,0.012598116987294768,134862.19839142222,0.0,12.0,1.0000000000000002
2026-08-05,-4.242866573541521e-05,134856.47636828633,-4.242866573545001e-05,16.0,1.0
2026-08-06,0.005003555524632581,135531.23823565137,0.0,14.0,1.0
2026-08-07,-0.010876177025003606,134057.17649618248,-0.010876177025003653,13.0,1.0
2026-08-10,-0.005476221216604825,133323.04974201595,-0.016292837890228618,18.0,1.0
2026-08-11,-0.0012489137395587909,133156.54075339326,-0.017521403280689962,17.0,1.0
2026-08-12,0.00977443370654901,134458.0705335807,-0.007918231368953643,15.0,0.9999999999999999
2026-08-13,-0.0099329662248581,133122.50306031105,-0.017772546069063422,13.0,0.9999999999999999
2026-08-14,0.008632276162891432,134271.653270223,-0.009293687431957909,10.0,1.0
2026-08-17,-0.005015715589631703,133598.18484566995,-0.014262788528651815,10.0,0.9999999999999998
2026-08-18,-0.005940307454167759,132804.57055236795,-0.020118370633805505,5.0,1.0
2026-08-19,-0.011559098603294975,131269.46942638487,-0.031444919007206806,5.0,1.0
2026-08-20,0.0016005202163177795,131479.5688659871,-0.02989472701946061,8.0,1.0
2026-08-21,-0.0017983720668288735,131243.11968197982,-0.03163933724427204,7.0,1.0
2026-08-24,0.007732045590354909,132257.8974667813,-0.024151928451938476,7.0,1.0
2026-08-25,-0.00940046037047035,131014.61234296308,-0.033325349576125984,7.0,1.0
2026-08-26,0.008187665573542674,132087.3161740746,-0.025410540820034022,6.0,1.0000000000000002
2026-08-27,-0.00468202380132076,131468.88021589498,-0.02997359186443105,6.0,1.0
2026-08-28,0.0008474158904870242,131580.28903409446,-0.02915157607198504,7.0,1.0
2026-08-31,-0.005313755573899104,130881.1035398243,-0.0343104272960435,8.0,1.0
2026-09-01,-0.012174195352210506,129287.73141741758,-0.0460669208037342,10.0,1.0
